"","Player","Date","Team","Position","TOI","CF","CA","OCF","OCA","CF60","CA60","CF%","OCF%","Rel.CF%","C+/-"
"1","ERIC.FEHR","2016-11-19","PIT","R",6.48,6.34,8.3,57.91,22.78,58.67,76.88,43.28,71.77,-28.49,-1.97
"2","ERIC.FEHR","2016-11-18","PIT","R",9.34,11.39,12.94,49.6,23.24,73.16,83.11,46.82,68.09,-21.27,-1.55
"3","ERIC.FEHR","2016-11-16","PIT","R",5.48,2.54,9.55,30.72,32.75,27.78,104.59,20.98,48.4,-27.42,-7.02
"4","ERIC.FEHR","2016-11-12","PIT","R",11.01,4.92,13.04,57.09,43.08,26.81,71.07,27.39,56.99,-29.61,-8.12
"5","ERIC.FEHR","2016-11-10","PIT","R",6.09,11.13,9.76,37.52,52.96,109.65,96.12,53.29,41.47,11.82,1.37
"6","ERIC.FEHR","2016-11-08","PIT","R",8.97,7.13,5.92,38.62,41.45,47.67,39.63,54.61,48.23,6.37,1.2
"7","ERIC.FEHR","2016-11-05","PIT","R",7.5,2.16,4.1,38.75,34.25,17.28,32.76,34.53,53.08,-18.55,-1.94
"8","ERIC.FEHR","2016-11-03","PIT","R",6.83,2.57,4.03,27.03,26.04,22.57,35.39,38.94,50.94,-12,-1.46
"9","ERIC.FEHR","2016-11-02","PIT","R",9.22,2.26,12.09,50.42,27.98,14.74,78.64,15.78,64.31,-48.53,-9.82
"10","ERIC.FEHR","2016-10-29","PIT","R",7.46,9.61,5.47,43.92,59.91,77.28,44,63.72,42.3,21.42,4.14
"11","ERIC.FEHR","2016-10-27","PIT","R",7.64,7.93,6.38,50.85,31.68,62.29,50.07,55.44,61.61,-6.17,1.56
"12","ERIC.FEHR","2016-10-25","PIT","R",7.9,6.76,8.76,37.27,40.53,51.35,66.54,43.56,47.91,-4.35,-2
"13","ERIC.FEHR","2016-10-22","PIT","R",7.06,1.58,9.35,48.83,31.84,13.41,79.48,14.43,60.53,-46.1,-7.77
"14","ERIC.FEHR","2016-10-20","PIT","R",9.49,2.3,19.89,25.94,30.46,14.52,125.74,10.36,45.99,-35.63,-17.59
"15","ERIC.FEHR","2016-10-18","PIT","R",7.1,5.31,7.98,33.69,26.61,44.89,67.42,39.97,55.87,-15.9,-2.67
"16","ERIC.FEHR","2016-10-17","PIT","R",7.09,4.12,2.76,41.17,38.37,34.83,23.33,59.88,51.76,8.12,1.36
"17","ERIC.FEHR","2016-10-15","PIT","R",13,6.7,7.92,36.81,46.38,30.94,36.54,45.85,44.25,1.6,-1.21
"18","ERIC.FEHR","2016-10-13","PIT","R",8.23,7.51,10.38,33.61,41.4,54.76,75.7,41.98,44.81,-2.83,-2.87
"19","ERIC.FEHR","2016-06-12","PIT","R",8.27,7.2,4.19,59.15,47.25,52.26,30.38,63.24,55.6,7.64,3.02
"20","ERIC.FEHR","2016-06-09","PIT","R",6.86,3.59,3.54,48.44,30.69,31.41,31,50.33,61.22,-10.88,0.05
"21","ERIC.FEHR","2016-06-06","PIT","R",8.41,12.19,3.89,41.94,37.65,86.94,27.78,75.78,52.69,23.09,8.29
"22","ERIC.FEHR","2016-06-04","PIT","R",10.71,15.74,9.95,59.73,46.55,88.19,55.77,61.26,56.2,5.06,5.79
"23","ERIC.FEHR","2016-06-01","PIT","R",10.77,9.84,6.77,41.83,45.85,54.81,37.7,59.24,47.71,11.54,3.07
"24","ERIC.FEHR","2016-05-30","PIT","R",8.26,9.91,7.83,48.96,48.82,71.98,56.87,55.86,50.07,5.8,2.08
"25","ERIC.FEHR","2016-05-26","PIT","R",8.41,2.58,9.56,35.91,25.3,18.37,68.21,21.22,58.67,-37.45,-6.98
"26","ERIC.FEHR","2016-05-24","PIT","R",9.59,5.99,7.18,46.7,45.08,37.48,44.95,45.47,50.88,-5.41,-1.19
"27","ERIC.FEHR","2016-05-22","PIT","R",8.62,6.04,4.08,39.77,40.99,42.07,28.39,59.71,49.24,10.46,1.97
"28","ERIC.FEHR","2016-05-20","PIT","R",6.48,1.69,9.15,43.48,25.49,15.63,84.75,15.57,63.04,-47.47,-7.46
"29","ERIC.FEHR","2016-05-18","PIT","R",10.97,8.4,9.15,59.29,36.88,45.97,50.03,47.88,61.65,-13.77,-0.74
"30","ERIC.FEHR","2016-05-16","PIT","R",11.79,15.56,7.83,49.02,38.08,79.2,39.83,66.54,56.28,10.26,7.74
"31","ERIC.FEHR","2016-05-13","PIT","R",8.61,6.7,9.4,32.13,38.42,46.72,65.51,41.63,45.55,-3.92,-2.7
"32","ERIC.FEHR","2016-05-10","PIT","R",14.83,13.78,13.88,65,37.05,55.74,56.15,49.82,63.69,-13.87,-0.1
"33","ERIC.FEHR","2016-05-07","PIT","R",5.87,6.01,6.61,44.11,46.48,61.47,67.53,47.65,48.69,-1.04,-0.59
"34","ERIC.FEHR","2016-05-02","PIT","R",12.14,7.57,17.46,25.75,36.17,37.4,86.29,30.24,41.58,-11.34,-9.89
"35","ERIC.FEHR","2016-04-30","PIT","R",9,10.81,5.7,43.37,34.72,72.07,38.01,65.47,55.54,9.93,5.11
"36","ERIC.FEHR","2016-04-28","PIT","R",9.42,10.38,12.16,60.82,48.85,66.12,77.48,46.04,55.46,-9.41,-1.78
"37","ERIC.FEHR","2016-04-23","PIT","R",9.78,5.38,15.01,39.52,42.15,33.03,92.08,26.4,48.39,-21.99,-9.63
"38","ERIC.FEHR","2016-04-21","PIT","R",7.83,5.73,5.56,45.23,41.99,43.89,42.64,50.72,51.86,-1.14,0.16
"39","ERIC.FEHR","2016-04-19","PIT","R",8.77,17.03,5.65,31.27,33.1,116.48,38.66,75.08,48.58,26.5,11.37
"40","ERIC.FEHR","2016-04-16","PIT","R",9.86,6.47,14.59,29.23,25.29,39.37,88.79,30.72,53.62,-22.9,-8.12
"41","ERIC.FEHR","2016-04-13","PIT","R",12.26,9.99,9.15,30.25,39.93,48.9,44.77,52.2,43.1,9.1,0.84
"42","ERIC.FEHR","2016-04-09","PIT","R",11.02,10.88,16.93,29.6,37.56,59.24,92.16,39.13,44.07,-4.95,-6.05
"43","ERIC.FEHR","2016-04-07","PIT","R",9.72,10.11,9.41,33,25.42,62.41,58.11,51.79,56.49,-4.7,0.7
"44","ERIC.FEHR","2016-04-05","PIT","R",12.02,7.22,7.58,28.97,31.73,36.05,37.86,48.78,47.73,1.05,-0.36
"45","ERIC.FEHR","2016-04-03","PIT","R",14.69,13.51,12.93,55.54,34.52,55.16,52.82,51.08,61.67,-10.58,0.57
"46","ERIC.FEHR","2016-04-02","PIT","R",12.05,11.31,7.54,32.47,30.76,56.32,37.54,60.01,51.36,8.65,3.77
"47","ERIC.FEHR","2016-03-31","PIT","R",11.51,7.02,12.05,35.9,21.8,36.61,62.82,36.82,62.22,-25.4,-5.03
"48","ERIC.FEHR","2016-03-29","PIT","R",7.86,10.31,2.62,44.82,26.68,78.74,19.99,79.76,62.69,17.07,7.7
"49","ERIC.FEHR","2016-03-27","PIT","R",9.56,12.32,10.67,56.85,48.06,77.32,66.94,53.6,54.19,-0.59,1.65
"50","ERIC.FEHR","2016-03-26","PIT","R",9.15,6.04,3.81,41.51,26.5,39.59,24.99,61.3,61.04,0.27,2.23
"51","ERIC.FEHR","2016-03-24","PIT","R",4.34,6.01,3.46,42.71,31.16,83.02,47.77,63.48,57.82,5.66,2.55
"52","ERIC.FEHR","2016-03-20","PIT","R",8.98,9.62,6.6,30.28,30.18,64.3,44.09,59.32,50.09,9.23,3.02
"53","ERIC.FEHR","2016-03-19","PIT","R",9.8,8.69,7.34,50.91,25.61,53.22,44.95,54.21,66.53,-12.32,1.35
"54","ERIC.FEHR","2016-03-17","PIT","R",7.82,5.73,6,49.62,33.51,44,46.02,48.88,59.69,-10.81,-0.26
"55","ERIC.FEHR","2016-03-15","PIT","R",5.54,8.89,0,36.44,38.98,96.32,0,100,48.31,51.69,8.89
"56","ERIC.FEHR","2016-03-13","PIT","R",8.65,6.98,8.05,35.59,32.67,48.42,55.81,46.46,52.14,-5.68,-1.07
"57","ERIC.FEHR","2016-03-11","PIT","R",9.58,7.62,6.06,53.95,26.16,47.73,37.93,55.72,67.35,-11.63,1.56
"58","ERIC.FEHR","2016-02-02","PIT","R",7.75,5.21,3.85,47.17,21.58,40.32,29.81,57.5,68.61,-11.11,1.36
"59","ERIC.FEHR","2016-01-26","PIT","R",11.28,9.88,7.55,42.03,32.53,52.58,40.15,56.7,56.37,0.33,2.34
"60","ERIC.FEHR","2016-01-23","PIT","R",12.06,5.77,11.96,26.97,33.14,28.71,59.49,32.55,44.86,-12.32,-6.19
"61","ERIC.FEHR","2016-01-21","PIT","R",9.23,7,11.11,53.72,26.09,45.5,72.21,38.65,67.31,-28.66,-4.11
"62","ERIC.FEHR","2016-01-18","PIT","R",11.27,7.93,4.76,42.08,27.37,42.21,25.34,62.49,60.59,1.9,3.17
"63","ERIC.FEHR","2016-01-17","PIT","R",12.7,12.25,10.01,27.22,21.48,57.86,47.29,55.03,55.89,-0.86,2.24
"64","ERIC.FEHR","2016-01-15","PIT","R",11.14,15.06,7.36,35.24,25.74,81.12,39.63,67.18,57.79,9.39,7.7
"65","ERIC.FEHR","2016-01-12","PIT","R",10.15,13.72,3.8,40.91,31.05,81.11,22.48,78.3,56.85,21.45,9.92
"66","ERIC.FEHR","2016-01-09","PIT","R",9.27,10.67,11.17,38.96,31.05,69.04,72.28,48.85,55.65,-6.8,-0.5
"67","ERIC.FEHR","2016-01-06","PIT","R",11.33,10.1,10.24,22.86,35.89,53.46,54.23,49.64,38.91,10.73,-0.15
"68","ERIC.FEHR","2016-01-05","PIT","R",7.29,6.48,9.5,44.77,43.44,53.36,78.18,40.57,50.75,-10.19,-3.02
"69","ERIC.FEHR","2016-01-02","PIT","R",10.7,11.32,11.37,42.49,50.03,63.45,63.76,49.88,45.93,3.95,-0.05
"70","ERIC.FEHR","2015-12-31","PIT","R",9.41,3.83,11.41,35.37,29.17,24.42,72.77,25.13,54.8,-29.68,-7.58
"71","ERIC.FEHR","2015-12-30","PIT","R",10.4,8.04,9.14,28.67,33.37,46.37,52.75,46.78,46.21,0.57,-1.11
"72","ERIC.FEHR","2015-12-27","PIT","R",8.35,5.29,2.32,43.81,36.9,37.99,16.7,69.46,54.28,15.18,2.96
"73","ERIC.FEHR","2015-12-26","PIT","R",9.75,6.66,4.61,48.27,22.5,40.97,28.38,59.08,68.2,-9.12,2.05
"74","ERIC.FEHR","2015-12-21","PIT","R",11.25,11.85,4.27,40.09,25.79,63.18,22.76,73.52,60.86,12.67,7.58
"75","ERIC.FEHR","2015-12-19","PIT","R",6.26,4.74,6.79,40.84,25.86,45.39,65.06,41.09,61.23,-20.14,-2.05
"76","ERIC.FEHR","2015-12-18","PIT","R",10.14,3.33,13.95,38.69,30.73,19.72,82.55,19.28,55.74,-36.46,-10.62
"77","ERIC.FEHR","2015-12-16","PIT","R",7.62,9.42,6.45,44.59,36.69,74.14,50.76,59.36,54.86,4.5,2.97
"78","ERIC.FEHR","2015-12-14","PIT","R",11.06,8.29,7.02,43.87,36.81,44.96,38.11,54.13,54.37,-0.25,1.26
"79","ERIC.FEHR","2015-12-11","PIT","R",15.33,19.91,15.1,29.85,49.11,77.91,59.1,56.87,37.81,19.06,4.81
"80","ERIC.FEHR","2015-12-09","PIT","R",9.29,11.31,8.46,40.29,23.36,73.07,54.65,57.21,63.3,-6.09,2.85
"81","ERIC.FEHR","2015-12-06","PIT","R",9.1,10.33,7.76,38.02,42.09,68.1,51.16,57.1,47.46,9.64,2.57
"82","ERIC.FEHR","2015-12-05","PIT","R",9.41,4.47,7.68,33,47.27,28.52,48.98,36.8,41.11,-4.31,-3.21
"83","ERIC.FEHR","2015-12-01","PIT","R",9.8,15.08,4.77,27.06,44.1,92.3,29.18,75.98,38.03,37.95,10.31
"84","ERIC.FEHR","2015-11-28","PIT","R",8.49,4.73,9.49,53.52,35.64,33.43,67.08,33.26,60.02,-26.76,-4.76
"85","ERIC.FEHR","2015-11-27","PIT","R",9.09,9.21,2.76,23.78,29.53,60.78,18.22,76.94,44.61,32.33,6.45
"86","ERIC.FEHR","2015-11-25","PIT","R",12.62,12.66,7.15,30.36,30.66,60.19,34,63.9,49.75,14.15,5.51
"87","ERIC.FEHR","2015-11-21","PIT","R",7.05,3.03,10.63,28.72,32.61,25.81,90.45,22.2,46.83,-24.63,-7.6
"88","ERIC.FEHR","2015-11-19","PIT","R",6.91,13.64,6.08,30.1,32.11,118.41,52.8,69.16,48.38,20.78,7.56
"89","ERIC.FEHR","2015-11-17","PIT","R",8.8,2.8,11.35,26.69,22.82,19.09,77.38,19.79,53.91,-34.12,-8.55
"90","ERIC.FEHR","2015-11-14","PIT","R",11.39,5.06,5.11,20.98,31.4,26.63,26.92,49.73,40.05,9.69,-0.05
"91","ERIC.FEHR","2015-11-13","PIT","R",6.51,4.62,5.31,30.78,42.84,42.59,48.9,46.55,41.81,4.74,-0.68
"92","ERIC.FEHR","2015-11-11","PIT","R",7.48,6.39,15.99,38.36,42.15,51.28,128.3,28.56,47.65,-19.09,-9.6
"93","ERIC.FEHR","2015-11-07","PIT","R",13.08,7.78,19.17,35.11,20.56,35.7,87.94,28.87,63.07,-34.2,-11.39
"94","ERIC.FEHR","2015-11-06","PIT","R",13.88,13.54,14.88,38.35,23.31,58.54,64.32,47.65,62.2,-14.55,-1.34
"95","ERIC.FEHR","2015-11-04","PIT","R",7.97,3.3,3.63,32.59,23.17,24.82,27.36,47.57,58.44,-10.88,-0.34
"96","ERIC.FEHR","2015-10-31","PIT","R",8.59,8.47,5.21,38.67,30.04,59.19,36.41,61.92,56.28,5.63,3.26
"97","ERIC.FEHR","2012-03-16","WPG","R",8.17,7.07,7.36,30.26,34.46,51.94,54.08,48.99,46.76,2.23,-0.29
"98","ERIC.FEHR","2012-03-14","WPG","R",13.65,9.93,15.87,42.46,31.71,43.63,69.78,38.47,57.24,-18.77,-5.95
"99","ERIC.FEHR","2012-02-21","WPG","R",7.14,7.71,19.13,28.09,46.3,64.78,160.73,28.73,37.76,-9.04,-11.42
"100","ERIC.FEHR","2012-02-19","WPG","R",10.82,8.83,6.77,31.86,32.88,48.95,37.55,56.59,49.22,7.37,2.06
"101","ERIC.FEHR","2012-02-09","WPG","R",10.35,7.99,6.41,51.4,40.75,46.34,37.14,55.51,55.78,-0.27,1.59
"102","ERIC.FEHR","2012-02-07","WPG","R",11.26,4.75,9.54,40.1,31.34,25.29,50.85,33.22,56.13,-22.91,-4.8
"103","ERIC.FEHR","2012-02-03","WPG","R",9.05,3.24,6.62,42.66,42.3,21.46,43.9,32.83,50.21,-17.38,-3.38
"104","ERIC.FEHR","2012-02-02","WPG","R",10.53,11.72,6.8,24.49,42.71,66.79,38.72,63.3,36.44,26.86,4.93
"105","ERIC.FEHR","2012-01-31","WPG","R",12.92,14.02,17.1,33.3,34.45,65.13,79.42,45.06,49.15,-4.09,-3.08
"106","ERIC.FEHR","2012-01-24","WPG","R",8.86,8.95,5.97,37.88,31.05,60.59,40.42,59.98,54.96,5.03,2.98
"107","ERIC.FEHR","2012-01-23","WPG","R",7.5,6.87,8.51,42.68,25.57,54.92,68.07,44.66,62.53,-17.88,-1.64
"108","ERIC.FEHR","2012-01-21","WPG","R",7.07,5.06,2.43,38.92,24.11,42.93,20.61,67.57,61.75,5.83,2.63
"109","ERIC.FEHR","2012-01-19","WPG","R",8.04,11.2,5.9,47.58,39.39,83.56,44,65.51,54.71,10.8,5.3
"110","ERIC.FEHR","2012-01-17","WPG","R",10.65,5.15,1.93,21.8,20.79,28.99,10.9,72.68,51.19,21.49,3.21
"111","ERIC.FEHR","2012-01-16","WPG","R",9.75,12.34,9.31,42.95,33.73,75.97,57.32,57,56.02,0.98,3.03
"112","ERIC.FEHR","2012-01-14","WPG","R",7.8,3.02,7.45,34.64,30.66,23.22,57.29,28.84,53.04,-24.21,-4.43
"113","ERIC.FEHR","2012-01-12","WPG","R",6.3,6.94,9.76,25.13,40.41,66.05,92.92,41.55,38.34,3.21,-2.82
"114","ERIC.FEHR","2012-01-10","WPG","R",10.85,10.84,11.23,34.8,43.19,59.96,62.1,49.13,44.62,4.5,-0.39
"115","ERIC.FEHR","2012-01-07","WPG","R",10,11.7,9.9,52.96,42.25,70.23,59.41,54.17,55.63,-1.45,1.8
"116","ERIC.FEHR","2012-01-05","WPG","R",12.46,12.89,6.88,37.08,51.63,62.05,33.15,65.18,41.8,23.38,6
"117","ERIC.FEHR","2012-01-04","WPG","R",13.65,22.43,6.88,27.71,47.99,98.57,30.25,76.52,36.61,39.91,15.54
"118","ERIC.FEHR","2011-12-31","WPG","R",7.3,4.33,6,30.8,43.03,35.59,49.29,41.93,41.72,0.22,-1.67
"119","ERIC.FEHR","2011-12-29","WPG","R",6.46,5.7,6.07,31.57,51.17,52.96,56.36,48.45,38.16,10.29,-0.37
"120","ERIC.FEHR","2011-12-27","WPG","R",11.3,5.69,15.04,43.52,33.5,30.22,79.85,27.45,56.5,-29.05,-9.35
"121","ERIC.FEHR","2011-12-23","WPG","R",8.62,7.22,4.36,37.5,38.2,50.24,30.32,62.36,49.54,12.82,2.86
"122","ERIC.FEHR","2011-12-22","WPG","R",6.51,3.46,5.33,35.67,34.71,31.89,49.12,39.37,50.68,-11.32,-1.87
"123","ERIC.FEHR","2011-12-20","WPG","R",5.48,2.29,2.98,55.96,44.25,25.09,32.58,43.51,55.84,-12.33,-0.68
"124","ERIC.FEHR","2011-12-17","WPG","R",6.09,6.83,7.64,42.84,44.95,67.3,75.3,47.19,48.8,-1.61,-0.81
"125","ERIC.FEHR","2011-12-15","WPG","R",12.15,13.39,15.96,28.22,38.61,66.11,78.81,45.62,42.22,3.4,-2.57
"126","ERIC.FEHR","2011-12-13","WPG","R",5.49,3.15,6.2,36.35,39.67,34.44,67.72,33.71,47.82,-14.11,-3.05
"127","ERIC.FEHR","2011-11-29","WPG","R",12.27,10.61,7.24,29.86,33.78,51.86,35.42,59.42,46.91,12.5,3.36
"128","ERIC.FEHR","2011-11-26","WPG","R",6.48,4.77,4.23,46.55,29,44.19,39.16,53.02,61.62,-8.6,0.54
"129","ERIC.FEHR","2011-11-25","WPG","R",8.26,11.61,6.92,45.29,38.86,84.35,50.27,62.66,53.82,8.83,4.69
"130","ERIC.FEHR","2011-11-23","WPG","R",9.37,5.8,14.93,38.57,46.69,37.15,95.6,27.98,45.24,-17.25,-9.13
"131","ERIC.FEHR","2011-11-19","WPG","R",5.5,6.89,5.35,22.3,28.41,75.17,58.37,56.29,43.98,12.31,1.54
"132","ERIC.FEHR","2015-05-13","WSH","R",6.48,4.37,2.71,56.33,53.52,40.47,25.11,61.71,51.28,10.43,1.66
"133","ERIC.FEHR","2015-04-19","WSH","R",1.32,0,3.87,22.87,37.36,0,176.05,0,37.97,-37.97,-3.87
"134","ERIC.FEHR","2015-04-17","WSH","R",13.85,20.59,11.83,50.63,35.98,89.2,51.25,63.51,58.46,5.05,8.76
"135","ERIC.FEHR","2015-04-15","WSH","R",12.57,7.95,14.01,30.66,51.41,37.94,66.87,36.2,37.35,-1.15,-6.06
"136","ERIC.FEHR","2015-04-04","WSH","R",10.21,12.77,10.55,40,25.69,75.04,61.98,54.77,60.89,-6.13,2.22
"137","ERIC.FEHR","2015-04-02","WSH","R",13.05,9.85,11.49,25.9,34.47,45.3,52.82,46.17,42.9,3.27,-1.64
"138","ERIC.FEHR","2015-03-31","WSH","R",13.19,8.34,14.99,32.14,28.52,37.92,68.17,35.74,52.98,-17.24,-6.65
"139","ERIC.FEHR","2015-03-29","WSH","R",9.41,14.06,4.3,31.06,26.85,89.64,27.4,76.59,53.63,22.96,9.76
"140","ERIC.FEHR","2015-03-28","WSH","R",11.63,10.77,21.04,31.79,30.02,55.54,108.54,33.85,51.43,-17.58,-10.27
"141","ERIC.FEHR","2015-03-26","WSH","R",11.73,12.78,6.08,24.28,27.68,65.35,31.1,67.76,46.73,21.03,6.7
"142","ERIC.FEHR","2015-03-21","WSH","R",10.46,14.41,6.45,37.49,32.15,82.68,37.01,69.08,53.83,15.24,7.96
"143","ERIC.FEHR","2015-03-19","WSH","R",11.78,13.76,9.15,27.12,26.26,70.1,46.6,60.07,50.8,9.27,4.61
"144","ERIC.FEHR","2015-03-16","WSH","R",8.78,5.24,13.24,54.21,29.03,35.84,90.46,28.38,65.12,-36.75,-7.99
"145","ERIC.FEHR","2015-03-15","WSH","R",12.18,12.2,11.87,45.37,33.19,60.08,58.47,50.68,57.75,-7.07,0.33
"146","ERIC.FEHR","2015-03-13","WSH","R",9.99,9.4,6.77,17.74,43.59,56.45,40.68,58.12,28.92,29.19,2.62
"147","ERIC.FEHR","2015-03-11","WSH","R",12.55,16.2,7.61,29.5,33.8,77.43,36.41,68.02,46.6,21.42,8.58
"148","ERIC.FEHR","2015-03-07","WSH","R",13.61,15.27,15.18,54.35,21.22,67.32,66.93,50.14,71.92,-21.77,0.09
"149","ERIC.FEHR","2015-03-05","WSH","R",12.03,12.2,9.67,31.79,41.08,60.87,48.22,55.8,43.62,12.18,2.54
"150","ERIC.FEHR","2015-03-03","WSH","R",14.55,12.35,8,28.23,26.02,50.93,32.98,60.7,52.04,8.66,4.35
"151","ERIC.FEHR","2015-03-01","WSH","R",10.05,10.68,13.17,38.67,26.46,63.77,78.64,44.78,59.37,-14.59,-2.49
"152","ERIC.FEHR","2015-02-27","WSH","R",12.3,8.35,16.23,35.63,46.16,40.72,79.17,33.96,43.56,-9.6,-7.88
"153","ERIC.FEHR","2015-02-25","WSH","R",11.17,8.69,7.73,18.75,30.45,46.68,41.55,52.91,38.11,14.8,0.96
"154","ERIC.FEHR","2015-02-22","WSH","R",11.29,8.24,10.02,25.69,32.92,43.82,53.25,45.14,43.83,1.31,-1.78
"155","ERIC.FEHR","2015-02-21","WSH","R",13.09,14.14,21.64,41.79,42.94,64.79,99.19,39.51,49.32,-9.8,-7.5
"156","ERIC.FEHR","2015-02-19","WSH","R",11.93,7.49,11.31,24.82,25.91,37.67,56.87,39.85,48.93,-9.08,-3.82
"157","ERIC.FEHR","2015-02-17","WSH","R",11.07,10.89,7.83,34.33,29.25,59.03,42.46,58.17,54,4.17,3.06
"158","ERIC.FEHR","2015-02-15","WSH","R",13.41,11.51,12.06,35.25,33.01,51.48,53.98,48.81,51.64,-2.82,-0.56
"159","ERIC.FEHR","2015-02-14","WSH","R",12.05,4.62,22.27,30.59,33.7,23.03,110.87,17.2,47.58,-30.38,-17.64
"160","ERIC.FEHR","2015-02-11","WSH","R",16.83,17.87,11.04,35.23,44.17,63.72,39.36,61.82,44.37,17.44,6.83
"161","ERIC.FEHR","2015-02-08","WSH","R",13.31,12.26,14.15,27.62,27.3,55.25,63.77,46.42,50.29,-3.87,-1.89
"162","ERIC.FEHR","2015-02-06","WSH","R",12.6,8.72,8.04,41.95,37.58,41.52,38.29,52.02,52.75,-0.73,0.68
"163","ERIC.FEHR","2015-02-05","WSH","R",12.51,10.82,7.54,34.84,22.62,51.89,36.16,58.93,60.63,-1.7,3.28
"164","ERIC.FEHR","2015-02-03","WSH","R",15.33,9.84,12.19,31.92,28.82,38.52,47.73,44.66,52.55,-7.89,-2.35
"165","ERIC.FEHR","2015-02-01","WSH","R",13,11.34,13.18,32.25,46.18,52.32,60.84,46.23,41.12,5.12,-1.85
"166","ERIC.FEHR","2015-01-31","WSH","R",7.66,18.97,5.07,33.19,37.27,148.62,39.73,78.91,47.11,31.8,13.9
"167","ERIC.FEHR","2015-01-28","WSH","R",13.71,15.79,16.09,32.5,25.14,69.09,70.43,49.52,56.38,-6.87,-0.31
"168","ERIC.FEHR","2015-01-27","WSH","R",10.8,13.28,8.45,24.25,26.04,73.76,46.92,61.12,48.22,12.9,4.83
"169","ERIC.FEHR","2015-01-20","WSH","R",11.3,6.58,14.09,47.04,24.86,34.93,74.84,31.82,65.42,-33.6,-7.52
"170","ERIC.FEHR","2015-01-17","WSH","R",11.45,14.87,9.24,34.09,32.32,77.91,48.43,61.67,51.33,10.33,5.63
"171","ERIC.FEHR","2015-01-14","WSH","R",11.59,16.74,7.59,31.41,27.41,86.64,39.31,68.79,53.4,15.39,9.14
"172","ERIC.FEHR","2015-01-12","WSH","R",10.69,17.12,9.39,48.47,30.34,96.11,52.71,64.58,61.5,3.08,7.73
"173","ERIC.FEHR","2015-01-10","WSH","R",13.41,7.35,15.27,19.22,33.57,32.88,68.3,32.5,36.41,-3.91,-7.92
"174","ERIC.FEHR","2015-01-08","WSH","R",14.27,9.63,19.3,38.77,33.8,40.47,81.16,33.28,53.42,-20.15,-9.68
"175","ERIC.FEHR","2015-01-07","WSH","R",11.95,6.54,9.23,38.78,34.69,32.83,46.33,41.47,52.78,-11.31,-2.69
"176","ERIC.FEHR","2015-01-04","WSH","R",8.49,12.32,7.41,36.33,28.98,87.05,52.37,62.44,55.63,6.81,4.91
"177","ERIC.FEHR","2015-01-01","WSH","R",10.88,12.06,15.97,30.47,23.59,66.52,88.05,43.04,56.36,-13.33,-3.9
"178","ERIC.FEHR","2014-12-29","WSH","R",12.16,13.25,15.4,22.44,39.28,65.38,76.01,46.24,36.36,9.88,-2.15
"179","ERIC.FEHR","2014-12-27","WSH","R",12.11,21.91,7.21,28.16,26.83,108.58,35.7,75.25,51.21,24.05,14.71
"180","ERIC.FEHR","2014-12-23","WSH","R",11.79,9.28,8.52,29,14.88,47.22,43.35,52.14,66.08,-13.95,0.76
"181","ERIC.FEHR","2014-12-22","WSH","R",13.26,17.25,16.28,28.92,30.71,78.05,73.65,51.45,48.5,2.95,0.97
"182","ERIC.FEHR","2014-12-20","WSH","R",11.78,2.21,8.39,23.07,15.86,11.26,42.73,20.86,59.27,-38.41,-6.18
"183","ERIC.FEHR","2014-12-18","WSH","R",11.53,5.39,8.22,40.7,17.86,28.04,42.75,39.61,69.5,-29.89,-2.83
"184","ERIC.FEHR","2014-12-16","WSH","R",14.69,15.91,9.48,22.8,33.94,64.98,38.73,62.66,40.18,22.48,6.43
"185","ERIC.FEHR","2014-12-13","WSH","R",13.88,10.46,19.51,22.02,28.1,45.22,84.33,34.91,43.94,-9.03,-9.05
"186","ERIC.FEHR","2014-12-11","WSH","R",12.53,6.92,11.96,33.28,23.4,33.12,57.27,36.64,58.71,-22.07,-5.04
"187","ERIC.FEHR","2014-12-09","WSH","R",14.95,14.21,13.4,40.19,33.85,57.02,53.77,51.47,54.28,-2.81,0.81
"188","ERIC.FEHR","2014-12-06","WSH","R",11.81,11.33,9.09,24.98,38.77,57.55,46.18,55.48,39.19,16.29,2.24
"189","ERIC.FEHR","2014-12-04","WSH","R",13.47,17.53,14.26,47.66,36.82,78.08,63.52,55.14,56.41,-1.28,3.27
"190","ERIC.FEHR","2014-12-02","WSH","R",11.67,15.16,4.98,35.78,42.16,77.94,25.6,75.27,45.9,29.37,10.18
"191","ERIC.FEHR","2014-11-29","WSH","R",11.39,6.75,12.42,46.24,38.34,35.55,65.45,35.2,54.67,-19.48,-5.68
"192","ERIC.FEHR","2014-11-28","WSH","R",12.15,12.35,13.26,55.37,38.96,60.98,65.47,48.22,58.7,-10.47,-0.91
"193","ERIC.FEHR","2014-11-26","WSH","R",11.38,4.87,13.59,31.14,52.12,25.68,71.64,26.39,37.4,-11.01,-8.72
"194","ERIC.FEHR","2014-11-22","WSH","R",11.9,9.06,5.98,58.1,36.06,45.67,30.14,60.24,61.7,-1.46,3.08
"195","ERIC.FEHR","2014-11-20","WSH","R",8.1,3.81,7.13,44.18,35.74,28.25,52.83,34.84,55.28,-20.44,-3.32
"196","ERIC.FEHR","2014-11-18","WSH","R",7.8,2.6,2.71,25.64,30.32,20.03,20.86,48.99,45.82,3.17,-0.11
"197","ERIC.FEHR","2014-11-15","WSH","R",10.51,4.79,7.19,35.56,46.73,27.37,41.07,39.99,43.21,-3.22,-2.4
"198","ERIC.FEHR","2014-11-14","WSH","R",8.91,7.59,7.57,26.34,34.69,51.13,50.97,50.08,43.16,6.92,0.02
"199","ERIC.FEHR","2014-11-11","WSH","R",13.81,8,12.98,35.45,30.22,34.76,56.38,38.14,53.98,-15.84,-4.98
"200","ERIC.FEHR","2014-11-08","WSH","R",15.68,17.53,16.55,41.34,28.13,67.06,63.33,51.43,59.51,-8.08,0.98
"201","ERIC.FEHR","2014-11-02","WSH","R",7.78,8.7,4.33,34.03,46.15,67.06,33.36,66.78,42.44,24.34,4.37
"202","ERIC.FEHR","2014-11-01","WSH","R",13.64,11.91,5.62,32.35,30.02,52.39,24.73,67.94,51.87,16.07,6.29
"203","ERIC.FEHR","2014-10-26","WSH","R",16.38,13.62,14.01,29.37,31.22,49.91,51.31,49.31,48.47,0.83,-0.38
"204","ERIC.FEHR","2014-10-25","WSH","R",14.32,15.92,7.56,34.32,23.55,66.69,31.69,67.79,59.3,8.48,8.35
"205","ERIC.FEHR","2014-10-22","WSH","R",13.77,12.81,9.42,42.73,17.33,55.83,41.04,57.64,71.15,-13.51,3.4
"206","ERIC.FEHR","2014-10-18","WSH","R",14.63,11.29,19.34,32.5,19.9,46.3,79.31,36.86,62.02,-25.16,-8.05
"207","ERIC.FEHR","2014-10-16","WSH","R",12.11,11,4.74,27.03,38.4,54.52,23.47,69.91,41.32,28.59,6.27
"208","ERIC.FEHR","2014-10-14","WSH","R",18.07,21.71,13.83,26.66,27.91,72.1,45.92,61.09,48.85,12.24,7.89
"209","ERIC.FEHR","2014-10-11","WSH","R",13.74,7.26,10.81,21.55,27.49,31.72,47.21,40.18,43.95,-3.76,-3.55
"210","ERIC.FEHR","2014-10-09","WSH","R",15.18,19.3,9.17,20.34,18.21,76.27,36.26,67.78,52.76,15.02,10.12
"211","ERIC.FEHR","2014-04-13","WSH","R",13.22,6.8,11.76,30.38,49.84,30.87,53.36,36.65,37.87,-1.22,-4.96
"212","ERIC.FEHR","2014-04-11","WSH","R",12.4,6.33,19.91,47.57,31.63,30.63,96.32,24.12,60.06,-35.94,-13.58
"213","ERIC.FEHR","2014-04-10","WSH","R",13.44,17.48,10.26,27.15,47.48,78.02,45.8,63.01,36.37,26.64,7.22
"214","ERIC.FEHR","2014-04-08","WSH","R",13.33,5.87,13.36,15.14,34.24,26.41,60.13,30.51,30.66,-0.14,-7.49
"215","ERIC.FEHR","2014-04-05","WSH","R",10.79,8.99,15,28.88,34.83,49.97,83.41,37.46,45.33,-7.87,-6.01
"216","ERIC.FEHR","2014-04-04","WSH","R",11.86,7.76,13.78,23.26,23.27,39.26,69.72,36.02,49.98,-13.96,-6.02
"217","ERIC.FEHR","2014-04-01","WSH","R",10.82,12.99,13.37,35.98,43.32,72.04,74.15,49.28,45.38,3.9,-0.38
"218","ERIC.FEHR","2014-03-30","WSH","R",13.41,5.48,5.8,16.05,31.42,24.53,25.94,48.6,33.81,14.79,-0.32
"219","ERIC.FEHR","2014-03-29","WSH","R",12.02,16.73,17.37,30.86,40.69,83.53,86.72,49.06,43.14,5.93,-0.64
"220","ERIC.FEHR","2014-03-25","WSH","R",14.98,7.91,16.43,18.55,33.33,31.67,65.79,32.49,35.76,-3.27,-8.52
"221","ERIC.FEHR","2014-03-22","WSH","R",12.57,21.94,8.75,27.73,40.52,104.71,41.77,71.48,40.63,30.85,13.19
"222","ERIC.FEHR","2014-03-20","WSH","R",9.51,4.24,7.2,27.17,38.8,26.74,45.41,37.06,41.18,-4.12,-2.96
"223","ERIC.FEHR","2014-03-18","WSH","R",14.19,24.58,8.87,29.23,42.29,103.91,37.52,73.47,40.87,32.6,15.7
"224","ERIC.FEHR","2014-03-16","WSH","R",12.19,13.55,10.82,37.52,25.73,66.67,53.25,55.6,59.31,-3.72,2.73
"225","ERIC.FEHR","2014-03-14","WSH","R",12.79,7.82,13.6,36.59,34.91,36.67,63.81,36.49,51.17,-14.68,-5.79
"226","ERIC.FEHR","2014-03-11","WSH","R",14.19,8.07,12.46,32.43,37.5,34.13,52.68,39.31,46.37,-7.06,-4.39
"227","ERIC.FEHR","2014-03-10","WSH","R",13.37,15.31,9.67,32.56,32.9,68.72,43.4,61.29,49.74,11.56,5.64
"228","ERIC.FEHR","2014-03-08","WSH","R",13.68,9.27,14.49,27.38,31.94,40.67,63.53,39.03,46.16,-7.13,-5.21
"229","ERIC.FEHR","2014-03-06","WSH","R",14.56,7.55,15.79,25.67,51.8,31.1,65.09,32.33,33.13,-0.8,-8.25
"230","ERIC.FEHR","2014-03-05","WSH","R",12.64,8.02,11.78,27.03,40.39,38.06,55.9,40.51,40.09,0.41,-3.76
"231","ERIC.FEHR","2014-03-02","WSH","R",9.65,8.51,11.38,25.63,28.74,52.94,70.75,42.8,47.13,-4.33,-2.87
"232","ERIC.FEHR","2014-03-01","WSH","R",13.83,15.71,11.58,11.3,33.68,68.15,50.22,57.58,25.12,32.45,4.13
"233","ERIC.FEHR","2014-02-27","WSH","R",12.96,12,14.08,23.22,22.85,55.57,65.18,46.02,50.4,-4.39,-2.08
"234","ERIC.FEHR","2014-02-08","WSH","R",12.58,12.25,18.89,28.35,34.83,58.42,90.08,39.34,44.87,-5.53,-6.64
"235","ERIC.FEHR","2014-02-06","WSH","R",12.36,15.02,13.73,30.59,45.12,72.9,66.63,52.24,40.41,11.84,1.29
"236","ERIC.FEHR","2014-02-04","WSH","R",9.43,10.97,14.84,23.1,25.91,69.77,94.39,42.5,47.13,-4.63,-3.87
"237","ERIC.FEHR","2014-02-02","WSH","R",10.62,5.46,10.34,28.82,37.65,30.87,58.42,34.57,43.36,-8.79,-4.88
"238","ERIC.FEHR","2014-01-31","WSH","R",8.9,4,8.34,32.1,35.57,26.96,56.2,32.42,47.43,-15.01,-4.34
"239","ERIC.FEHR","2014-01-30","WSH","R",8.49,12.5,4.62,16.7,19.85,88.37,32.67,73.01,45.68,27.33,7.88
"240","ERIC.FEHR","2014-01-28","WSH","R",11.19,9.9,10.78,46.79,32.29,53.1,57.82,47.88,59.17,-11.3,-0.88
"241","ERIC.FEHR","2014-01-25","WSH","R",7.91,6.06,9.71,40.36,29.68,45.94,73.68,38.4,57.62,-19.22,-3.66
"242","ERIC.FEHR","2014-01-24","WSH","R",10.13,4.38,7.39,29.33,22.66,25.93,43.8,37.19,56.42,-19.23,-3.02
"243","ERIC.FEHR","2014-01-21","WSH","R",10.59,8.8,15.55,23.66,31.44,49.85,88.12,36.13,42.94,-6.81,-6.75
"244","ERIC.FEHR","2014-01-19","WSH","R",9.21,9.74,9.51,31.85,25.62,63.46,61.94,50.61,55.43,-4.82,0.23
"245","ERIC.FEHR","2014-01-17","WSH","R",11.35,9.59,12.56,29.69,31.8,50.7,66.38,43.3,48.28,-4.97,-2.97
"246","ERIC.FEHR","2014-01-15","WSH","R",14.6,16.26,12.09,31.58,24.88,66.83,49.69,57.35,55.93,1.43,4.17
"247","ERIC.FEHR","2014-01-14","WSH","R",16.63,12.68,11.84,40.66,50.13,45.75,42.71,51.71,44.78,6.93,0.84
"248","ERIC.FEHR","2014-01-12","WSH","R",14.86,15.01,13.23,32.04,29.09,60.59,53.43,53.14,52.42,0.72,1.77
"249","ERIC.FEHR","2014-01-10","WSH","R",13.06,13.16,15.43,39.87,37.06,60.47,70.91,46.03,51.83,-5.8,-2.27
"250","ERIC.FEHR","2014-01-09","WSH","R",15.19,30.84,17,27.53,26.18,121.81,67.14,64.47,51.25,13.21,13.84
"251","ERIC.FEHR","2014-01-04","WSH","R",14.41,15.56,7.65,24.42,13.4,64.78,31.86,67.03,64.58,2.46,7.91
"252","ERIC.FEHR","2014-01-02","WSH","R",15.96,21.05,17.54,37.59,27.49,79.14,65.93,54.55,57.76,-3.21,3.51
"253","ERIC.FEHR","2013-12-30","WSH","R",13.16,24.58,7.53,36.01,36.2,112.09,34.33,76.56,49.87,26.69,17.06
"254","ERIC.FEHR","2013-12-29","WSH","R",14.14,23.42,6.49,34.25,33.86,99.39,27.53,78.31,50.29,28.02,16.93
"255","ERIC.FEHR","2013-12-27","WSH","R",12.58,7.49,16.22,27.8,32.71,35.74,77.37,31.6,45.94,-14.34,-8.73
"256","ERIC.FEHR","2013-12-23","WSH","R",10.66,8.04,14.09,31.42,23.17,45.26,79.33,36.33,57.55,-21.23,-6.05
"257","ERIC.FEHR","2013-12-21","WSH","R",15.03,9.79,21.15,20.16,48,39.09,84.44,31.64,29.58,2.06,-11.36
"258","ERIC.FEHR","2013-12-20","WSH","R",10.83,12.85,11.08,13.87,44.77,71.19,61.37,53.7,23.66,30.04,1.77
"259","ERIC.FEHR","2013-12-17","WSH","R",13.89,14.01,10.64,29.13,36.85,60.52,45.94,56.85,44.15,12.7,3.37
"260","ERIC.FEHR","2013-12-15","WSH","R",10.71,8.42,6.23,21.81,37.53,47.19,34.92,57.47,36.75,20.72,2.19
"261","ERIC.FEHR","2013-12-13","WSH","R",12.64,12.69,13.51,23.71,41.63,60.24,64.12,48.44,36.29,12.15,-0.82
"262","ERIC.FEHR","2013-12-10","WSH","R",12.88,7.63,17.81,14.78,39,35.53,82.94,29.99,27.48,2.51,-10.18
"263","ERIC.FEHR","2013-12-08","WSH","R",13.23,14.83,10.56,43.34,30.67,67.24,47.91,58.39,58.56,-0.17,4.26
"264","ERIC.FEHR","2013-12-07","WSH","R",13.17,19.83,19.66,42.94,41.08,90.35,89.55,50.22,51.1,-0.88,0.18
"265","ERIC.FEHR","2013-12-03","WSH","R",14.62,10.98,10.07,27.69,33.47,45.05,41.34,52.15,45.28,6.87,0.9
"266","ERIC.FEHR","2013-11-30","WSH","R",15.49,14.62,11.61,40.75,37.17,56.62,44.98,55.73,52.3,3.43,3
"267","ERIC.FEHR","2013-11-29","WSH","R",14.7,14.42,20.86,24.37,32.76,58.84,85.14,40.87,42.66,-1.79,-6.44
"268","ERIC.FEHR","2013-11-27","WSH","R",11.09,15.79,9.97,22.9,32.87,85.42,53.92,61.3,41.06,20.24,5.82
"269","ERIC.FEHR","2013-11-23","WSH","R",15.82,26.82,15.22,51.48,36.02,101.74,57.71,63.81,58.84,4.97,11.61
"270","ERIC.FEHR","2013-11-02","WSH","R",12.23,16.27,11.89,20.14,34.4,79.83,58.33,57.78,36.92,20.86,4.38
"271","ERIC.FEHR","2013-11-01","WSH","R",10.92,8.36,8.53,41.77,27.43,45.93,46.88,49.49,60.36,-10.88,-0.17
"272","ERIC.FEHR","2013-10-28","WSH","R",7.39,3.19,8.82,27.8,35.68,25.93,71.6,26.58,43.8,-17.22,-5.63
"273","ERIC.FEHR","2013-10-26","WSH","R",8.01,4.06,7.37,38.22,23.7,30.38,55.22,35.49,61.73,-26.24,-3.32
"274","ERIC.FEHR","2013-10-24","WSH","R",9.75,7.63,13.01,35.04,27.35,46.97,80.04,36.98,56.16,-19.18,-5.37
"275","ERIC.FEHR","2013-10-22","WSH","R",8.15,3.29,5.4,35.83,43.89,24.19,39.78,37.81,44.94,-7.13,-2.12
"276","ERIC.FEHR","2013-10-19","WSH","R",7.98,3.18,8.42,54.17,46.52,23.89,63.3,27.4,53.8,-26.39,-5.24
"277","ERIC.FEHR","2013-10-16","WSH","R",10.12,10.94,7.12,30,39.76,64.87,42.19,60.59,43,17.59,3.83
"278","ERIC.FEHR","2013-10-14","WSH","R",11.95,10.35,8.24,25.61,38.3,51.94,41.35,55.68,40.07,15.6,2.11
"279","ERIC.FEHR","2013-10-12","WSH","R",13.39,20.67,9.77,34.35,32.3,92.61,43.78,67.9,51.54,16.36,10.9
"280","ERIC.FEHR","2013-10-10","WSH","R",9.15,10.46,3.86,32.11,39,68.57,25.32,73.03,45.16,27.88,6.6
"281","ERIC.FEHR","2013-10-05","WSH","R",12.84,6.68,7.14,33.16,40.56,31.21,33.36,48.34,44.98,3.36,-0.46
"282","ERIC.FEHR","2013-10-03","WSH","R",11.69,12.38,15.44,39.61,34.26,63.54,79.26,44.5,53.62,-9.12,-3.06
"283","ERIC.FEHR","2013-10-01","WSH","R",12.06,8.1,14.45,24.21,26.68,40.28,71.9,35.91,47.57,-11.66,-6.36
"284","ERIC.FEHR","2013-05-13","WSH","R",13.28,12.73,30.19,49.29,30.94,57.52,136.41,29.66,61.44,-31.78,-17.46
"285","ERIC.FEHR","2013-05-12","WSH","R",12.72,14.1,8.97,35.12,44.11,66.52,42.33,61.12,44.33,16.79,5.13
"286","ERIC.FEHR","2013-05-10","WSH","R",17.42,21.32,14.8,45.19,41.06,73.43,50.97,59.03,52.4,6.63,6.52
"287","ERIC.FEHR","2013-05-08","WSH","R",15.22,16.72,12.51,48.78,37.82,65.9,49.32,57.19,56.33,0.86,4.2
"288","ERIC.FEHR","2013-05-06","WSH","R",7.31,11.13,1.04,46.86,33.78,91.33,8.58,91.42,58.11,33.31,10.08
"289","ERIC.FEHR","2013-05-04","WSH","R",12.48,9.23,7.27,48.65,41.16,44.4,34.96,55.95,54.17,1.77,1.96
"290","ERIC.FEHR","2013-05-02","WSH","R",12.54,10.41,16.45,22.52,42.78,49.82,78.72,38.76,34.49,4.27,-6.04
"291","ERIC.FEHR","2013-04-27","WSH","R",13.36,9.74,18.6,36.2,37.56,43.73,83.53,34.37,49.08,-14.71,-8.86
"292","ERIC.FEHR","2013-04-25","WSH","R",11,9.02,2.45,25.41,42.37,49.18,13.37,78.62,37.49,41.13,6.57
"293","ERIC.FEHR","2013-04-23","WSH","R",12.6,19.33,2.55,49.29,35.01,92.06,12.16,88.34,58.47,29.86,16.78
"294","ERIC.FEHR","2013-04-20","WSH","R",9.56,11.03,7.53,38.21,35.35,69.23,47.26,59.43,51.94,7.49,3.5
"295","ERIC.FEHR","2013-04-18","WSH","R",12.88,7.28,15.75,21.96,40.97,33.9,73.38,31.6,34.9,-3.3,-8.48
"296","ERIC.FEHR","2013-04-16","WSH","R",7.96,10.11,7.76,33.8,20.82,76.21,58.53,56.56,61.89,-5.32,2.35
"297","ERIC.FEHR","2013-04-13","WSH","R",12.72,11.27,8.71,26.11,39.6,53.14,41.07,56.41,39.74,16.67,2.56
"298","ERIC.FEHR","2013-04-11","WSH","R",11.28,17,25.84,34.43,34.73,90.44,137.42,39.69,49.78,-10.09,-8.83
"299","ERIC.FEHR","2013-04-09","WSH","R",13.11,19.64,10.75,24.84,49.79,89.87,49.2,64.62,33.28,31.34,8.89
"300","ERIC.FEHR","2013-04-07","WSH","R",14.96,12.72,17.09,42.36,35.61,51.03,68.53,42.68,54.33,-11.66,-4.37
"301","ERIC.FEHR","2013-04-06","WSH","R",15.42,17.54,10.27,34.16,24.26,68.26,39.98,63.06,58.48,4.59,7.27
"302","ERIC.FEHR","2013-04-04","WSH","R",7.36,3.58,7.94,36.51,39.95,29.17,64.76,31.06,47.75,-16.69,-4.37
"303","ERIC.FEHR","2013-03-24","WSH","R",9.06,7.87,10.74,47.15,29.94,52.1,71.11,42.29,61.16,-18.87,-2.87
"304","ERIC.FEHR","2013-03-22","WSH","R",10.56,8.55,12.47,25.41,29.44,48.6,70.88,40.68,46.33,-5.65,-3.92
"305","ERIC.FEHR","2013-03-21","WSH","R",10.12,9.87,8.96,30.31,30.1,58.5,53.13,52.41,50.17,2.23,0.91
"306","ERIC.FEHR","2013-03-19","WSH","R",13.11,20.22,11.63,30.4,36.63,92.54,53.25,63.48,45.35,18.12,8.59
"307","ERIC.FEHR","2013-03-17","WSH","R",14.09,10.1,8.86,33.32,30.21,43,37.73,53.26,52.45,0.81,1.24
"308","ERIC.FEHR","2013-03-16","WSH","R",14.89,13.28,13.38,31.32,37.48,53.52,53.9,49.82,45.52,4.3,-0.09
"309","ERIC.FEHR","2013-03-14","WSH","R",12.89,19.68,19.42,17.19,38.82,91.62,90.41,50.33,30.69,19.64,0.26
"310","ERIC.FEHR","2013-03-12","WSH","R",15.58,9.13,20.26,30.61,43.84,35.17,78.01,31.08,41.12,-10.04,-11.12
"311","ERIC.FEHR","2013-03-10","WSH","R",14.77,13.56,8.17,22.37,46.09,55.1,33.19,62.41,32.67,29.74,5.39
"312","ERIC.FEHR","2013-03-09","WSH","R",13.56,9.3,9.68,32.47,37.03,41.13,42.83,48.99,46.72,2.27,-0.38
"313","ERIC.FEHR","2013-03-07","WSH","R",11.33,10.53,17.62,31.3,37.04,55.77,93.29,37.42,45.81,-8.39,-7.08
"314","ERIC.FEHR","2013-03-05","WSH","R",14.6,11.08,13.56,37.02,59.96,45.55,55.75,44.97,38.18,6.79,-2.48
"315","ERIC.FEHR","2013-03-02","WSH","R",15.37,19.56,15.43,26.99,22.36,76.37,60.25,55.9,54.69,1.21,4.13
"316","ERIC.FEHR","2013-02-27","WSH","R",15.32,9.48,14.62,26.79,43.2,37.14,57.25,39.35,38.28,1.07,-5.13
"317","ERIC.FEHR","2013-02-26","WSH","R",12.86,29.26,11.85,41.48,38.29,136.53,55.31,71.17,52,19.17,17.41
"318","ERIC.FEHR","2013-02-23","WSH","R",12.74,8.2,10.25,27.27,26.05,38.64,48.26,44.47,51.14,-6.67,-2.04
"319","ERIC.FEHR","2013-02-21","WSH","R",9.91,5.61,7.36,15.8,35.22,33.98,44.57,43.26,30.97,12.29,-1.75
"320","ERIC.FEHR","2013-02-17","WSH","R",13.12,9.73,15.45,21.84,34.3,44.5,70.67,38.63,38.9,-0.26,-5.72
"321","ERIC.FEHR","2013-02-14","WSH","R",12.25,12.05,5.7,63.35,37.45,59.02,27.93,67.87,62.85,5.03,6.35
"322","ERIC.FEHR","2013-02-12","WSH","R",11.63,15.52,10.21,28.94,28.47,80.09,52.69,60.32,50.41,9.91,5.31
"323","ERIC.FEHR","2013-02-09","WSH","R",13.02,24.14,3.7,26.01,32.74,111.25,17.04,86.72,44.27,42.44,20.44
"324","ERIC.FEHR","2013-02-07","WSH","R",10.3,7.75,1.97,24.25,30.96,45.13,11.46,79.75,43.93,35.82,5.78
"325","ERIC.FEHR","2013-02-05","WSH","R",6.51,7.22,2.9,44.02,41.15,66.52,26.71,71.35,51.69,19.66,4.32
"326","ERIC.FEHR","2013-02-03","WSH","R",8.02,3.37,5.07,43.37,43.27,25.23,37.9,39.97,50.06,-10.09,-1.69
"327","ERIC.FEHR","2013-02-01","WSH","R",4.62,6.32,5.56,18.75,33.43,82.09,72.19,53.21,35.93,17.27,0.76
"328","ERIC.FEHR","2013-01-31","WSH","R",4.19,7.07,3.47,22.51,37.78,101.31,49.75,67.06,37.34,29.73,3.6
"329","ERIC.FEHR","2013-01-29","WSH","R",7.84,9.98,11.64,27.38,19.86,76.41,89.1,46.17,57.96,-11.79,-1.66
"330","ERIC.FEHR","2013-01-27","WSH","R",8.43,7.25,6.53,34.49,35.35,51.59,46.46,52.62,49.38,3.23,0.72
"331","ERIC.FEHR","2013-01-25","WSH","R",7.07,5.21,5.47,20.17,25.68,44.22,46.44,48.78,44,4.78,-0.26
"332","ERIC.FEHR","2011-05-03","WSH","R",8.56,7.95,4.79,28.95,37.14,55.7,33.59,62.38,43.8,18.58,3.15
"333","ERIC.FEHR","2011-05-01","WSH","R",8.91,9.61,5.47,39,37.65,64.71,36.82,63.74,50.88,12.86,4.14
"334","ERIC.FEHR","2011-04-29","WSH","R",10,10.33,15.73,33.85,21.31,62.01,94.38,39.65,61.36,-21.71,-5.4
"335","ERIC.FEHR","2011-04-23","WSH","R",7.95,5.17,5.33,55.07,31.48,39.03,40.23,49.24,63.63,-14.39,-0.16
"336","ERIC.FEHR","2011-04-20","WSH","R",15.18,19.5,8.87,68.98,54.58,77.09,35.06,68.74,55.82,12.92,10.63
"337","ERIC.FEHR","2011-04-09","WSH","R",11.37,6.7,7.47,46.55,40.51,35.37,39.42,47.29,53.47,-6.18,-0.77
"338","ERIC.FEHR","2011-04-06","WSH","R",10.14,7.34,7.88,25.1,36.18,43.44,46.62,48.23,40.97,7.27,-0.54
"339","ERIC.FEHR","2011-04-05","WSH","R",12.42,23.03,15.74,44.14,30.2,111.23,76.03,59.4,59.37,0.02,7.29
"340","ERIC.FEHR","2011-04-02","WSH","R",12.19,9.66,13.22,45.28,43.05,47.54,65.05,42.22,51.26,-9.04,-3.56
"341","ERIC.FEHR","2011-03-29","WSH","R",8.89,3.32,8.95,44.64,31.7,22.42,60.41,27.07,58.48,-31.41,-5.63
"342","ERIC.FEHR","2011-03-26","WSH","R",8.6,18.39,5.52,34.02,25.91,128.32,38.54,76.9,56.77,20.14,12.87
"343","ERIC.FEHR","2011-03-22","WSH","R",7.11,8.89,7.49,36.15,45.65,75.04,63.2,54.28,44.2,10.09,1.4
"344","ERIC.FEHR","2011-03-15","WSH","R",4.21,5.89,0.9,46.61,34.92,83.9,12.76,86.8,57.17,29.62,4.99
"345","ERIC.FEHR","2011-03-13","WSH","R",8.9,7.48,11.46,42.67,40.43,50.41,77.24,39.49,51.35,-11.85,-3.98
"346","ERIC.FEHR","2011-03-11","WSH","R",9.77,13.11,14.32,29.93,59.44,80.51,87.93,47.8,33.49,14.31,-1.21
"347","ERIC.FEHR","2011-03-09","WSH","R",10.57,3.81,6.46,40.91,29.18,21.65,36.65,37.14,58.37,-21.23,-2.64
"348","ERIC.FEHR","2011-01-14","WSH","R",12.4,7.85,21.74,33.17,34.87,38,105.19,26.54,48.75,-22.21,-13.89
"349","ERIC.FEHR","2011-01-12","WSH","R",11.48,6.22,14.9,31.6,40.79,32.51,77.86,29.45,43.65,-14.2,-8.68
"350","ERIC.FEHR","2011-01-11","WSH","R",9.7,10,17.26,25.11,38.3,61.87,106.77,36.69,39.6,-2.92,-7.26
"351","ERIC.FEHR","2011-01-08","WSH","R",11.35,13.89,10.47,31.05,30.45,73.44,55.37,57.01,50.48,6.53,3.42
"352","ERIC.FEHR","2011-01-04","WSH","R",9.65,10.52,14.63,33.45,41.17,65.39,90.96,41.82,44.83,-3.01,-4.11
"353","ERIC.FEHR","2011-01-01","WSH","R",9.07,9.43,11.11,40.74,33.67,62.39,73.5,45.91,54.75,-8.84,-1.68
"354","ERIC.FEHR","2010-12-28","WSH","R",9,12.22,12.37,21.46,24.51,81.49,82.49,49.69,46.69,3,-0.15
"355","ERIC.FEHR","2010-12-23","WSH","R",8.26,13.37,4.22,23.25,35.68,97.15,30.68,76,39.45,36.55,9.15
"356","ERIC.FEHR","2010-12-19","WSH","R",12.51,21.2,10.76,23.42,15.23,101.68,51.59,66.34,60.6,5.74,10.44
"357","ERIC.FEHR","2010-12-18","WSH","R",12.83,18.93,6.79,42.83,39.24,88.53,31.76,73.6,52.19,21.41,12.14
"358","ERIC.FEHR","2010-12-15","WSH","R",11.14,9.84,7.88,45.25,35.2,53.03,42.47,55.53,56.25,-0.72,1.96
"359","ERIC.FEHR","2010-12-12","WSH","R",8.47,8.44,3.08,32.26,28.72,59.76,21.8,73.27,52.9,20.37,5.36
"360","ERIC.FEHR","2010-12-11","WSH","R",10.75,11.83,7.27,54.33,29.06,66.01,40.6,61.92,65.16,-3.24,4.55
"361","ERIC.FEHR","2010-12-09","WSH","R",8.09,10.5,3.38,24.01,48.1,77.89,25.05,75.66,33.3,42.37,7.12
"362","ERIC.FEHR","2010-12-04","WSH","R",9.82,13.43,11.05,32.99,36.69,82.04,67.5,54.86,47.34,7.52,2.38
"363","ERIC.FEHR","2010-12-02","WSH","R",10.47,19.97,12.53,39.52,27.15,114.45,71.82,61.44,59.28,2.16,7.44
"364","ERIC.FEHR","2010-12-01","WSH","R",9.66,12.82,12.66,38.04,38.28,79.64,78.65,50.31,49.85,0.47,0.16
"365","ERIC.FEHR","2010-11-28","WSH","R",9.44,9.44,6.5,42.73,42.71,59.98,41.29,59.22,50.01,9.22,2.94
"366","ERIC.FEHR","2010-11-26","WSH","R",10.52,4.56,3.45,36.15,30.25,26.02,19.65,56.97,54.44,2.53,1.12
"367","ERIC.FEHR","2010-11-24","WSH","R",8.11,9.91,11.95,37.02,41.13,73.3,88.42,45.33,47.37,-2.04,-2.04
"368","ERIC.FEHR","2010-11-22","WSH","R",12.47,8.86,10.13,22.81,17.98,42.63,48.72,46.67,55.91,-9.24,-1.27
"369","ERIC.FEHR","2010-11-20","WSH","R",8.77,15.55,10.47,28.87,27.5,106.36,71.61,59.76,51.21,8.56,5.08
"370","ERIC.FEHR","2010-11-19","WSH","R",11.43,8.02,7.61,33.62,35.65,42.1,39.97,51.3,48.54,2.77,0.41
"371","ERIC.FEHR","2010-11-17","WSH","R",9.75,9.01,6.44,47.18,32.51,55.45,39.62,58.33,59.2,-0.88,2.57
"372","ERIC.FEHR","2010-11-14","WSH","R",11.33,10.79,8.15,41.64,33.77,57.14,43.15,56.97,55.22,1.75,2.64
"373","ERIC.FEHR","2010-11-13","WSH","R",13.77,13.79,7.36,23.05,22.74,60.1,32.08,65.2,50.33,14.87,6.43
"374","ERIC.FEHR","2010-11-11","WSH","R",12.17,11.15,11.2,29.15,37.18,54.98,55.2,49.9,43.95,5.95,-0.05
"375","ERIC.FEHR","2010-11-09","WSH","R",9.88,3.99,6.24,35.03,24.52,24.22,37.89,38.99,58.82,-19.83,-2.25
"376","ERIC.FEHR","2010-11-07","WSH","R",11.55,10.54,18.14,37.32,34.79,54.73,94.21,36.75,51.76,-15.01,-7.6
"377","ERIC.FEHR","2010-11-05","WSH","R",12.7,16.88,6.64,35.29,35.65,79.77,31.36,71.78,49.75,22.03,10.25
"378","ERIC.FEHR","2010-11-03","WSH","R",11.54,9.81,5.99,33.86,39.11,51,31.16,62.07,46.4,15.67,3.81
"379","ERIC.FEHR","2010-10-28","WSH","R",9.63,4.92,15.99,31.97,20.4,30.62,99.62,23.51,61.05,-37.54,-11.07
"380","ERIC.FEHR","2010-10-27","WSH","R",11.6,16.85,16.7,30.5,13.48,87.18,86.37,50.23,69.35,-19.12,0.16
"381","ERIC.FEHR","2010-10-23","WSH","R",9.47,5.84,16.04,47.44,29.05,36.98,101.62,26.68,62.02,-35.34,-10.2
"382","ERIC.FEHR","2010-10-21","WSH","R",11.07,10.59,13.78,34.87,30.09,57.38,74.67,43.46,53.69,-10.23,-3.19
"383","ERIC.FEHR","2010-10-19","WSH","R",12.66,10.35,13.96,38.91,26.12,49.04,66.15,42.57,59.83,-17.26,-3.61
"384","ERIC.FEHR","2010-10-16","WSH","R",9.61,12.92,7.01,35.26,35.2,80.69,43.75,64.84,50.04,14.8,5.92
"385","ERIC.FEHR","2010-10-13","WSH","R",10.9,8.2,11.06,27.44,49.81,45.15,60.88,42.58,35.52,7.06,-2.86
"386","ERIC.FEHR","2010-10-11","WSH","R",6.74,5,10.39,21.37,30.8,44.47,92.5,32.46,40.97,-8.5,-5.4
"387","ERIC.FEHR","2010-10-09","WSH","R",9.03,6.66,7.09,37.76,29.66,44.28,47.12,48.45,56.01,-7.56,-0.43
"388","ERIC.FEHR","2010-10-08","WSH","R",9.25,5.62,5.41,47.14,26.01,36.45,35.08,50.96,64.44,-13.48,0.21
"389","ERIC.FEHR","2010-04-28","WSH","R",9.66,10.86,5.34,58.2,26.51,67.44,33.16,67.04,68.7,-1.66,5.52
"390","ERIC.FEHR","2010-04-26","WSH","R",8.27,14.01,4.97,40.44,31.24,101.63,36.09,73.8,56.42,17.38,9.03
"391","ERIC.FEHR","2010-04-23","WSH","R",6.62,3.86,10,32.42,33.37,34.94,90.65,27.82,49.28,-21.46,-6.15
"392","ERIC.FEHR","2010-04-21","WSH","R",7.28,10.87,7.88,43.97,32.23,89.55,64.93,57.97,57.71,0.26,2.99
"393","ERIC.FEHR","2010-04-19","WSH","R",7.92,9.79,8.23,38.33,23.43,74.2,62.35,54.34,62.06,-7.72,1.56
"394","ERIC.FEHR","2010-04-17","WSH","R",10.37,15.24,10.4,47.75,32.86,88.18,60.16,59.45,59.24,0.21,4.84
"395","ERIC.FEHR","2010-04-15","WSH","R",14.91,23.37,18.62,51.61,57.11,94.04,74.93,55.65,47.47,8.18,4.75
"396","ERIC.FEHR","2010-04-09","WSH","R",13.02,19.71,17.9,39.79,30.47,90.85,82.5,52.41,56.64,-4.23,1.81
"397","ERIC.FEHR","2010-04-06","WSH","R",10,6.37,7.71,39.25,40.23,38.21,46.28,45.22,49.39,-4.17,-1.35
"398","ERIC.FEHR","2010-04-05","WSH","R",10.96,11.3,15.91,26.94,46.38,61.88,87.12,41.53,36.74,4.79,-4.61
"399","ERIC.FEHR","2010-04-03","WSH","R",9.38,9.34,12.25,26.68,36.52,59.77,78.34,43.28,42.21,1.07,-2.9
"400","ERIC.FEHR","2010-04-01","WSH","R",8.17,7.58,10.55,40.41,33.29,55.65,77.46,41.81,54.83,-13.02,-2.97
"401","ERIC.FEHR","2010-03-30","WSH","R",7.73,8.31,3.9,30.73,39.09,64.54,30.25,68.09,44.01,24.08,4.42
"402","ERIC.FEHR","2010-03-28","WSH","R",13.07,13,11.56,49.79,29.24,59.69,53.09,52.93,63,-10.08,1.44
"403","ERIC.FEHR","2010-03-25","WSH","R",9.82,17.24,9.87,69.35,32.93,105.34,60.33,63.59,67.8,-4.22,7.37
"404","ERIC.FEHR","2010-03-24","WSH","R",10.36,15.41,12.39,38.67,36.85,89.23,71.78,55.42,51.2,4.22,3.01
"405","ERIC.FEHR","2010-03-20","WSH","R",9.97,5.73,9.76,31.55,23.01,34.5,58.74,37,57.83,-20.83,-4.03
"406","ERIC.FEHR","2010-03-18","WSH","R",10.87,8.79,12.39,35.49,28.62,48.49,68.41,41.48,55.36,-13.88,-3.61
"407","ERIC.FEHR","2010-03-16","WSH","R",10.62,17.84,9.68,40.57,40.63,100.81,54.69,64.83,49.96,14.87,8.16
"408","ERIC.FEHR","2010-03-14","WSH","R",7.39,5.38,10.1,30.43,35.4,43.7,82.01,34.76,46.22,-11.46,-4.72
"409","ERIC.FEHR","2010-03-12","WSH","R",12.04,13.95,6.71,32.23,43.75,69.54,33.45,67.52,42.42,25.1,7.24
"410","ERIC.FEHR","2010-03-08","WSH","R",13.18,15.09,21.32,54.61,33.68,68.69,97.08,41.44,61.85,-20.41,-6.24
"411","ERIC.FEHR","2010-03-06","WSH","R",9.84,10.99,7.08,30.25,43.89,67.03,43.15,60.84,40.8,20.04,3.92
"412","ERIC.FEHR","2010-03-04","WSH","R",11.82,16.14,9.54,45.08,35.51,81.95,48.43,62.86,55.94,6.92,6.6
"413","ERIC.FEHR","2010-03-03","WSH","R",11.71,13.65,5.99,44.63,28.43,69.95,30.69,69.5,61.08,8.42,7.66
"414","ERIC.FEHR","2010-02-13","WSH","R",7.62,6.72,6.02,21.91,21.24,52.88,47.42,52.72,50.77,1.95,0.69
"415","ERIC.FEHR","2010-02-11","WSH","R",10.36,9.42,15.01,38.52,27.41,54.58,86.91,38.58,58.42,-19.85,-5.58
"416","ERIC.FEHR","2010-02-10","WSH","R",8.66,6.08,7.82,31.36,37.56,42.14,54.15,43.77,45.5,-1.74,-1.73
"417","ERIC.FEHR","2010-02-07","WSH","R",9.65,10.96,12.99,41.31,47.47,68.15,80.74,45.77,46.53,-0.76,-2.02
"418","ERIC.FEHR","2010-02-05","WSH","R",9.78,8.12,12.63,41.46,35.47,49.8,77.48,39.13,53.89,-14.77,-4.51
"419","ERIC.FEHR","2010-02-04","WSH","R",9.12,7.05,9.9,27.7,34.52,46.38,65.11,41.6,44.52,-2.92,-2.85
"420","ERIC.FEHR","2010-02-02","WSH","R",8.97,8.37,8.24,28.72,27.16,56.02,55.12,50.4,51.39,-0.99,0.13
"421","ERIC.FEHR","2010-01-31","WSH","R",12.28,9.51,7.32,52.8,25.93,46.46,35.77,56.5,67.07,-10.57,2.19
"422","ERIC.FEHR","2010-01-29","WSH","R",9.64,12.94,9.28,50.74,40.91,80.57,57.77,58.24,55.36,2.88,3.66
"423","ERIC.FEHR","2010-01-27","WSH","R",8.09,7.09,5.74,53.83,33.17,52.56,42.6,55.23,61.87,-6.64,1.34
"424","ERIC.FEHR","2010-01-26","WSH","R",9.03,8.93,9.63,53.82,27.9,59.3,63.96,48.11,65.86,-17.75,-0.7
"425","ERIC.FEHR","2010-01-23","WSH","R",8.95,13.8,12.42,34.12,12.88,92.52,83.27,52.63,72.59,-19.96,1.38
"426","ERIC.FEHR","2010-01-21","WSH","R",10.52,9.76,11.68,45.09,40.66,55.67,66.63,45.52,52.58,-7.06,-1.92
"427","ERIC.FEHR","2010-01-19","WSH","R",7.45,7.91,5.89,39.68,55.9,63.67,47.44,57.31,41.51,15.8,2.02
"428","ERIC.FEHR","2010-01-17","WSH","R",12.36,14.68,10.99,27.94,33.61,71.27,53.37,57.18,45.39,11.79,3.69
"429","ERIC.FEHR","2010-01-15","WSH","R",12.4,13.71,3.34,28.41,19.12,66.33,16.18,80.39,59.78,20.61,10.36
"430","ERIC.FEHR","2010-01-13","WSH","R",14.07,15.66,11.77,49.23,30.83,66.78,50.19,57.09,61.49,-4.4,3.89
"431","ERIC.FEHR","2010-01-12","WSH","R",8.34,9.9,5.71,29.45,31.62,71.2,41.06,63.43,48.23,15.2,4.19
"432","ERIC.FEHR","2010-01-09","WSH","R",11.37,6.77,11.89,47.28,41.03,35.73,62.75,36.28,53.54,-17.26,-5.12
"433","ERIC.FEHR","2010-01-07","WSH","R",10.99,9.47,8.46,38.62,38.05,51.7,46.18,52.82,50.37,2.45,1.01
"434","ERIC.FEHR","2010-01-05","WSH","R",10.86,9.03,4.58,52.23,32.19,49.92,25.32,66.35,61.87,4.48,4.45
"435","ERIC.FEHR","2009-12-30","WSH","R",10.69,6.08,18.07,31.46,27.58,34.14,101.44,25.18,53.29,-28.11,-11.99
"436","ERIC.FEHR","2009-12-28","WSH","R",10.56,10.75,5.44,32.33,30.11,61.08,30.88,66.42,51.78,14.64,5.31
"437","ERIC.FEHR","2009-12-26","WSH","R",11.11,14.1,10.18,44.76,35.18,76.15,54.98,58.07,55.99,2.08,3.92
"438","ERIC.FEHR","2009-12-23","WSH","R",11.62,11.85,17.24,48.61,42.14,61.16,89.01,40.73,53.57,-12.84,-5.39
"439","ERIC.FEHR","2009-12-19","WSH","R",10.55,11.84,8.96,57.39,35.5,67.34,50.95,56.93,61.78,-4.85,2.88
"440","ERIC.FEHR","2009-12-18","WSH","R",10.87,11.9,9.78,39.82,25.04,65.69,54,54.88,61.4,-6.51,2.12
"441","ERIC.FEHR","2009-12-15","WSH","R",9.21,10.64,12.31,31.74,18.26,69.35,80.19,46.37,63.48,-17.11,-1.66
"442","ERIC.FEHR","2009-12-12","WSH","R",11.16,8.99,17,52.12,36.47,48.35,91.41,34.59,58.83,-24.24,-8.01
"443","ERIC.FEHR","2009-12-11","WSH","R",9.93,12.42,6.73,47.95,28,75.05,40.65,64.87,63.13,1.73,5.69
"444","ERIC.FEHR","2009-12-09","WSH","R",13.44,15.82,16.5,32.75,22.41,70.62,73.64,48.95,59.37,-10.42,-0.68
"445","ERIC.FEHR","2009-12-07","WSH","R",8.78,3.4,15.65,32.2,27.53,23.27,106.94,17.87,53.91,-36.04,-12.24
"446","ERIC.FEHR","2009-12-05","WSH","R",13.67,10.57,12.73,39.98,38.38,46.38,55.89,45.35,51.02,-5.67,-2.17
"447","ERIC.FEHR","2009-12-03","WSH","R",4.77,6.69,4.48,25.4,17.9,84.18,56.41,59.88,58.66,1.22,2.21
"448","ERIC.FEHR","2009-11-30","WSH","R",8.88,9.97,8.21,28.84,30.06,67.35,55.5,54.82,48.97,5.85,1.75
"449","ERIC.FEHR","2009-11-28","WSH","R",13.62,12.83,5.37,33.37,31.74,56.52,23.65,70.5,51.25,19.25,7.46
"450","ERIC.FEHR","2009-11-25","WSH","R",15.03,11.61,12.35,49.89,31.42,46.36,49.32,48.45,61.36,-12.9,-0.74
"451","ERIC.FEHR","2009-11-23","WSH","R",10.79,8.33,12.84,44.33,29.83,46.31,71.41,39.34,59.78,-20.44,-4.51
"452","ERIC.FEHR","2009-11-21","WSH","R",10.88,9.14,14.88,27.52,56.04,50.38,82.07,38.04,32.94,5.1,-5.75
"453","ERIC.FEHR","2009-11-20","WSH","R",13.41,12.84,4.1,50.55,29.51,57.46,18.33,75.81,63.14,12.67,8.74
"454","ERIC.FEHR","2009-11-17","WSH","R",6.75,9.35,3.77,27.91,29.9,83.09,33.51,71.26,48.28,22.98,5.58
"455","ERIC.FEHR","2009-11-14","WSH","R",15.6,9.34,6.92,35.03,24.38,35.94,26.61,57.46,58.97,-1.51,2.43
"456","ERIC.FEHR","2009-11-13","WSH","R",12.42,13.28,8.76,41.95,32.9,64.14,42.33,60.24,56.04,4.2,4.51
"457","ERIC.FEHR","2009-11-11","WSH","R",8.64,7.99,7.07,46.15,43.89,55.46,49.1,53.04,51.26,1.79,0.92
"458","ERIC.FEHR","2009-11-07","WSH","R",10.96,8.81,6.47,37.27,37.12,48.24,35.41,57.67,50.1,7.57,2.34
"459","ERIC.FEHR","2009-10-24","WSH","R",7.55,4.48,10.16,50.62,31.31,35.63,80.74,30.62,61.79,-31.17,-5.68
"460","ERIC.FEHR","2009-10-22","WSH","R",8.16,12.89,5.42,21.57,21.14,94.77,39.89,70.38,50.5,19.88,7.46
"461","ERIC.FEHR","2009-10-17","WSH","R",6.02,11.88,5.21,45.02,31.45,118.38,51.9,69.52,58.88,10.64,6.67
"462","ERIC.FEHR","2009-10-15","WSH","R",9.05,2.2,4.87,43.42,30.29,14.6,32.27,31.15,58.91,-27.76,-2.67
"463","ERIC.FEHR","2009-10-12","WSH","R",8.55,3.53,6.85,24.2,27.29,24.77,48.06,34.01,47.01,-12.99,-3.32
"464","ERIC.FEHR","2009-10-10","WSH","R",7.4,3.24,3.36,27.07,40.17,26.24,27.27,49.04,40.26,8.78,-0.13
"465","ERIC.FEHR","2009-05-04","WSH","R",1.28,0,1.42,39.5,57.64,0,66.67,0,40.66,-40.66,-1.42
"466","ERIC.FEHR","2009-05-02","WSH","R",6.09,2.76,4.83,46.28,47.43,27.19,47.61,36.35,49.39,-13.04,-2.07
"467","ERIC.FEHR","2009-04-28","WSH","R",8.67,4.57,5.62,32.07,32.59,31.62,38.88,44.86,49.6,-4.74,-1.05
"468","ERIC.FEHR","2009-04-26","WSH","R",3.28,1.77,0,38.6,28.87,32.39,0,100,57.21,42.79,1.77
"469","ERIC.FEHR","2009-04-24","WSH","R",8.1,13.99,7.67,19.26,28.55,103.65,56.78,64.61,40.28,24.32,6.33
"470","ERIC.FEHR","2009-04-22","WSH","R",9.25,11.5,8.22,36.04,24.15,74.56,53.34,58.3,59.88,-1.59,3.27
"471","ERIC.FEHR","2009-04-20","WSH","R",7.53,10.51,7.96,39.54,31.37,83.74,63.41,56.91,55.76,1.15,2.55
"472","ERIC.FEHR","2009-04-18","WSH","R",7.95,12.39,5.58,56.75,33.47,93.49,42.14,68.93,62.9,6.03,6.8
"473","ERIC.FEHR","2009-04-15","WSH","R",9.01,5.69,11.85,27.35,28.54,37.87,78.93,32.42,48.93,-16.51,-6.17
"474","ERIC.FEHR","2009-04-11","WSH","R",12.88,17.27,11.18,47.43,44.85,80.45,52.07,60.71,51.4,9.31,6.09
"475","ERIC.FEHR","2009-04-09","WSH","R",12.11,15.75,9.3,31.82,18.92,78.05,46.07,62.88,62.7,0.18,6.46
"476","ERIC.FEHR","2009-04-07","WSH","R",10.18,11.09,9.81,39.14,20.45,65.34,57.84,53.05,65.68,-12.63,1.27
"477","ERIC.FEHR","2009-04-05","WSH","R",7.09,9.14,8.24,35.57,20.46,77.36,69.71,52.6,63.48,-10.88,0.9
"478","ERIC.FEHR","2009-04-03","WSH","R",9.22,2.76,7.79,28.52,37.77,17.96,50.7,26.16,43.03,-16.87,-5.03
"479","ERIC.FEHR","2009-04-01","WSH","R",10.46,14.7,7.36,42.56,47.39,84.31,42.2,66.64,47.32,19.33,7.34
"480","ERIC.FEHR","2009-03-27","WSH","R",11.12,15.15,9.54,32.67,25.46,81.72,51.46,61.36,56.21,5.15,5.61
"481","ERIC.FEHR","2009-03-24","WSH","R",12.82,17.47,11.26,46.3,33.92,81.76,52.71,60.8,57.72,3.09,6.21
"482","ERIC.FEHR","2009-03-21","WSH","R",10.08,11.12,11.39,31.54,16.78,66.17,67.8,49.39,65.28,-15.89,-0.27
"483","ERIC.FEHR","2009-03-19","WSH","R",9.61,9.06,7.24,35.42,28.93,56.56,45.21,55.58,55.04,0.54,1.82
"484","ERIC.FEHR","2009-03-17","WSH","R",10.96,13.86,10.5,35.39,28.46,75.9,57.49,56.9,55.43,1.47,3.36
"485","ERIC.FEHR","2009-03-16","WSH","R",10.38,19.59,3.99,37.94,22.24,113.25,23.04,83.1,63.05,20.05,15.61
"486","ERIC.FEHR","2009-03-14","WSH","R",8.28,8.06,5.27,21.99,43.89,58.42,38.22,60.45,33.37,27.08,2.79
"487","ERIC.FEHR","2009-03-12","WSH","R",10.64,13.5,7.71,51.31,32.4,76.15,43.49,63.65,61.29,2.36,5.79
"488","ERIC.FEHR","2009-03-10","WSH","R",11.7,14.64,5.68,54.52,41.11,75.06,29.15,72.03,57.01,15.02,8.95
"489","ERIC.FEHR","2009-03-08","WSH","R",8.44,7.44,5.13,22.53,26.16,52.93,36.47,59.2,46.28,12.93,2.31
"490","ERIC.FEHR","2009-03-05","WSH","R",12.42,23.02,1.59,30.93,38.68,111.22,7.69,93.53,44.43,49.1,21.43
"491","ERIC.FEHR","2009-03-03","WSH","R",11.84,13.15,10.4,36.78,33.41,66.65,52.7,55.84,52.4,3.45,2.75
"492","ERIC.FEHR","2009-03-01","WSH","R",12.24,14,12.75,39.58,26.41,68.62,62.49,52.34,59.98,-7.64,1.25
"493","ERIC.FEHR","2009-02-28","WSH","R",8.1,7.63,5.13,40.92,35.71,56.5,37.97,59.81,53.4,6.41,2.5
"494","ERIC.FEHR","2009-02-26","WSH","R",7.93,9.74,0.96,37.67,20.75,73.69,7.25,91.04,64.47,26.56,8.78
"495","ERIC.FEHR","2009-02-24","WSH","R",6.99,8.07,5.35,28.19,29.19,69.3,45.95,60.13,49.13,10.99,2.72
"496","ERIC.FEHR","2009-02-22","WSH","R",10.43,9.12,9.98,41.02,26.06,52.46,57.42,47.74,61.15,-13.41,-0.86
"497","ERIC.FEHR","2009-02-20","WSH","R",13.6,16.18,8.69,25.17,32,71.38,38.35,65.05,44.03,21.02,7.49
"498","ERIC.FEHR","2009-02-18","WSH","R",11.98,10.5,10,40.88,41.37,52.58,50.1,51.21,49.7,1.5,0.5
"499","ERIC.FEHR","2009-02-15","WSH","R",9.28,7.25,8.11,39.28,25.08,46.85,52.47,47.17,61.03,-13.86,-0.87
"500","ERIC.FEHR","2009-02-14","WSH","R",13,18.59,5.89,48.09,31.16,85.82,27.18,75.95,60.68,15.26,12.71
"501","ERIC.FEHR","2009-02-11","WSH","R",11.28,10.67,14.71,29.62,28.91,56.77,78.24,42.05,50.6,-8.56,-4.04
"502","ERIC.FEHR","2009-02-07","WSH","R",8.69,8.34,6.8,29.03,23.65,57.55,46.92,55.09,55.1,-0.01,1.54
"503","ERIC.FEHR","2009-02-05","WSH","R",11.63,14.82,6.33,27.95,32.32,76.48,32.66,70.07,46.37,23.7,8.49
"504","ERIC.FEHR","2009-02-03","WSH","R",9.99,14.06,9.8,37.47,27.12,84.47,58.89,58.92,58.02,0.91,4.26
"505","ERIC.FEHR","2009-02-01","WSH","R",11.1,21.18,11.77,35.51,32.53,114.46,63.6,64.28,52.19,12.1,9.41
"506","ERIC.FEHR","2009-01-31","WSH","R",9.49,9.65,12.05,13.82,49.07,61.01,76.18,44.47,21.97,22.5,-2.4
"507","ERIC.FEHR","2009-01-17","WSH","R",8.65,8.6,3.77,34.74,29.83,59.65,26.14,69.53,53.8,15.73,4.83
"508","ERIC.FEHR","2009-01-14","WSH","R",8.16,15.55,5.47,41.52,17.43,114.34,40.2,73.99,70.44,3.55,10.08
"509","ERIC.FEHR","2009-01-10","WSH","R",5.49,6.93,7.42,56.89,30.63,75.75,81.11,48.29,65.01,-16.72,-0.49
"510","ERIC.FEHR","2009-01-06","WSH","R",10.61,21.16,7.68,35.49,25.77,119.63,43.41,73.38,57.93,15.44,13.48
"511","ERIC.FEHR","2009-01-03","WSH","R",8.87,10.44,5.29,29.82,27.85,70.63,35.78,66.37,51.71,14.66,5.15
"512","ERIC.FEHR","2009-01-01","WSH","R",10.12,9.5,9.36,52.22,42.69,56.33,55.51,50.37,55.02,-4.66,0.14
"513","ERIC.FEHR","2008-12-30","WSH","R",10.74,17.93,3.04,22.34,33.26,100.19,16.99,85.5,40.17,45.33,14.89
"514","ERIC.FEHR","2008-12-28","WSH","R",12.03,20.77,13.64,33.62,33.6,103.59,68.03,60.36,50.01,10.35,7.13
"515","ERIC.FEHR","2008-12-26","WSH","R",12.08,13.79,7.33,35.25,32.19,68.49,36.41,65.29,52.27,13.02,6.46
"516","ERIC.FEHR","2008-12-23","WSH","R",13.06,14.8,21.35,34.55,37.48,67.99,98.08,40.94,47.97,-7.03,-6.55
"517","ERIC.FEHR","2008-12-20","WSH","R",10.08,13.22,6.86,29.96,26.02,78.69,40.85,65.83,53.52,12.31,6.36
"518","ERIC.FEHR","2008-12-18","WSH","R",7.76,8.71,2.75,42.7,32.19,67.35,21.24,76.02,57.02,19.01,5.96
"519","ERIC.FEHR","2008-12-06","WSH","R",4.05,3.98,1.81,56.47,23.23,58.9,26.81,68.72,70.86,-2.14,2.17
"520","ERIC.FEHR","2008-12-04","WSH","R",7.32,13.61,6.43,38.3,29.01,111.59,52.7,67.92,56.9,11.02,7.19
"521","ERIC.FEHR","2008-12-02","WSH","R",11.05,6.22,11.09,30.86,33.3,33.77,60.22,35.93,48.1,-12.18,-4.87
"522","ERIC.FEHR","2008-11-29","WSH","R",11.5,13.7,6.27,19.5,32.35,71.49,32.72,68.6,37.61,31,7.43
"523","ERIC.FEHR","2008-11-28","WSH","R",11.18,10.07,9.59,42.62,28.45,54.05,51.47,51.22,59.97,-8.75,0.48
"524","ERIC.FEHR","2008-11-26","WSH","R",12.74,15.99,4.47,34.83,24.81,75.32,21.05,78.16,58.4,19.75,11.52
"525","ERIC.FEHR","2008-11-24","WSH","R",11.11,10.64,8.13,26.64,30.79,57.47,43.9,56.69,46.39,10.3,2.51
"526","ERIC.FEHR","2008-11-20","WSH","R",9.96,8.62,4.98,30.86,40.66,51.92,30.02,63.36,43.15,20.21,3.63
"527","ERIC.FEHR","2008-11-19","WSH","R",7.69,4.32,6.03,17.85,18.71,33.72,47.01,41.77,48.83,-7.06,-1.7
"528","ERIC.FEHR","2008-11-15","WSH","R",11.75,12,7.8,41.7,50.37,61.27,39.82,60.61,45.29,15.32,4.2
"529","ERIC.FEHR","2008-11-14","WSH","R",13.03,8.34,16.13,52.34,40.62,38.39,74.27,34.07,56.3,-22.23,-7.79
"530","ERIC.FEHR","2008-11-10","WSH","R",9.33,13.05,7.82,38.3,21.46,83.89,50.31,62.51,64.09,-1.58,5.22
"531","ERIC.FEHR","2008-11-08","WSH","R",9.9,9.03,8.89,31.66,26.86,54.72,53.87,50.39,54.11,-3.72,0.14
"532","ERIC.FEHR","2008-10-23","WSH","R",6.34,2.06,6.75,42.8,40.78,19.49,63.86,23.39,51.21,-27.82,-4.69
"533","ERIC.FEHR","2008-10-18","WSH","R",7.51,4.38,11.59,32.2,21.07,35.03,92.61,27.44,60.44,-33,-7.21
"534","ERIC.FEHR","2008-10-16","WSH","R",9.69,14.78,7.6,39.15,32.04,91.52,47.03,66.05,54.99,11.06,7.19
"535","ERIC.FEHR","2008-04-22","WSH","R",7.36,2.58,5.41,50.92,37.02,21,44.08,32.26,57.9,-25.64,-2.83
"536","ERIC.FEHR","2008-04-21","WSH","R",7.35,5.46,3.95,30.16,25.17,44.6,32.21,58.07,54.52,3.55,1.52
"537","ERIC.FEHR","2008-04-19","WSH","R",7.39,11.21,6.51,35.6,38.29,91.03,52.83,63.28,48.18,15.1,4.71
"538","ERIC.FEHR","2008-04-17","WSH","R",11.79,10.05,7.95,57.65,58.96,51.13,40.45,55.83,49.44,6.39,2.1
"539","ERIC.FEHR","2008-04-15","WSH","R",6.15,6.34,1.93,33.94,27.18,61.85,18.82,76.67,55.53,21.14,4.41
"540","ERIC.FEHR","2008-04-05","WSH","R",5.15,3.75,12.2,47.26,36.31,43.7,142.17,23.51,56.55,-33.04,-8.45
"541","ERIC.FEHR","2008-04-03","WSH","R",8.5,8.54,2.17,27.08,25.66,60.3,15.32,79.74,51.34,28.4,6.37
"542","ERIC.FEHR","2008-04-01","WSH","R",6.07,5.44,11.85,29.12,23.06,53.77,117.17,31.45,55.81,-24.35,-6.41
"543","ERIC.FEHR","2008-03-29","WSH","R",8.41,5.66,5.28,37.08,24.1,40.36,37.66,51.73,60.6,-8.87,0.38
"544","ERIC.FEHR","2008-03-27","WSH","R",7.6,3.43,5.02,58.33,23.86,27.1,39.64,40.61,70.97,-30.36,-1.59
"545","ERIC.FEHR","2008-03-25","WSH","R",8.18,3.76,14.86,47.66,26.86,27.6,109.03,20.2,63.95,-43.75,-11.1
"546","ERIC.FEHR","2008-03-21","WSH","R",12.1,11.02,8.38,43.65,13.91,54.66,41.57,56.8,75.83,-19.03,2.64
"547","ERIC.FEHR","2008-03-18","WSH","R",6.97,2.9,5.9,23.36,27.81,24.97,50.76,32.98,45.65,-12.68,-3
"548","ERIC.FEHR","2008-03-16","WSH","R",6.77,4.47,9.69,45.01,35.35,39.58,85.89,31.55,56.01,-24.46,-5.23
"549","ERIC.FEHR","2008-03-14","WSH","R",10.61,11.58,3.23,53.06,18.84,65.48,18.26,78.19,73.79,4.4,8.35
"550","ERIC.FEHR","2008-03-12","WSH","R",7.56,8.51,6.91,22.73,30.44,67.51,54.84,55.18,42.75,12.42,1.6
"551","ERIC.FEHR","2008-03-09","WSH","R",8.32,13.57,6.5,29.32,33.43,97.86,46.91,67.6,46.73,20.87,7.07
"552","ERIC.FEHR","2008-03-05","WSH","R",7.34,2.28,2.76,47.34,25.61,18.64,22.52,45.29,64.9,-19.61,-0.47
"553","ERIC.FEHR","2008-03-03","WSH","R",7.71,4.97,5.89,28.72,22.15,38.66,45.82,45.76,56.46,-10.7,-0.92
"554","ERIC.FEHR","2008-02-29","WSH","R",9.94,7.83,6.05,32.92,24.41,47.26,36.49,56.43,57.42,-0.99,1.78
"555","ERIC.FEHR","2008-02-26","WSH","R",10.3,13.23,5.56,38.56,46.63,77.08,32.38,70.41,45.26,25.15,7.67
"556","ERIC.FEHR","2008-02-24","WSH","R",9.61,17.3,7.81,42.47,26.31,107.99,48.75,68.9,61.75,7.15,9.49
"557","ERIC.FEHR","2008-02-15","WSH","R",6.3,8.31,1.84,25.71,21.45,79.13,17.5,81.89,54.51,27.38,6.47
"558","ERIC.FEHR","2008-02-13","WSH","R",10.41,11.59,8.91,39.78,22.99,66.79,51.34,56.54,63.38,-6.83,2.68
"559","ERIC.FEHR","2008-02-10","WSH","R",7.72,6.37,6.55,23.61,27.59,49.5,50.88,49.31,46.12,3.19,-0.18
"560","ERIC.FEHR","2008-02-08","WSH","R",7.82,13.15,4.99,30.15,22.13,100.88,38.27,72.5,57.67,14.82,8.16
"561","ERIC.FEHR","2008-02-06","WSH","R",13.5,21.45,12.36,29.18,33.64,95.32,54.95,63.43,46.45,16.98,9.08
"562","ERIC.FEHR","2008-02-05","WSH","R",14.97,30.76,8.55,33.45,26.76,123.28,34.26,78.25,55.55,22.7,22.21
