"Player","Season","Team","GP","TOI","SA","GA","Sv%","xSv%","dSv%","LDSv%","MDSv%","HDSv%","GSAA"
"AARON.DELL","2016-2017","S.J",9,518.65,228,14,93.86,91.37,2.49,98.98,96.47,77.78,5.67
"AARON.DELL","2017-2018","S.J",7,339.33,166,10,93.98,90.27,3.71,100,94.12,85.42,6.16
"ADIN.HILL","2017-2018","ARI",1,58.27,31,5,83.87,89,-5.13,85.71,100,70,-1.59
"ALEX.AULD","2007-2008","ARI/BOS",13,716.18,339,33,90.27,91.32,-1.05,97.12,93.44,73.08,-3.56
"ALEX.AULD","2008-2009","OTT",16,963.8,437,35,91.99,91.42,0.57,99.37,88.27,86.59,2.51
"ALEX.AULD","2009-2010","DAL",8,494.92,227,23,89.87,92.64,-2.77,99.02,86.73,66.67,-6.29
"ALEX.AULD","2010-2011","MTL",5,239.89,132,15,88.64,91.67,-3.03,96.55,93.75,61.54,-4
"ALEX.AULD","2011-2012","OTT",7,312.7,160,21,86.88,90.35,-3.47,91.53,95.31,64.86,-5.56
"ALEX.STALOCK","2010-2011","S.J",1,29.79,9,0,100,91,9,100,100,100,0.81
"ALEX.STALOCK","2012-2013","S.J",1,15.57,7,1,85.71,90.43,-4.71,100,100,50,-0.33
"ALEX.STALOCK","2013-2014","S.J",8,418.32,201,9,95.52,91.73,3.8,100,94.67,87.5,7.63
"ALEX.STALOCK","2014-2015","S.J",10,550.01,217,20,90.78,90.44,0.34,98.86,94.81,71.15,0.74
"ALEX.STALOCK","2015-2016","S.J",7,340.66,121,15,87.6,92.28,-4.68,96.15,86.36,72,-5.66
"ALEX.STALOCK","2016-2017","MIN",1,60,19,1,94.74,95.11,-0.37,90,100,NA,-0.07
"ALEX.STALOCK","2017-2018","MIN",6,340.72,149,10,93.29,91.11,2.18,97.3,95.45,80.65,3.25
"ALLEN.YORK","2011-2012","CBJ",6,201.19,88,5,94.32,91.27,3.05,100,95.12,81.25,2.68
"AL.MONTOYA","2008-2009","ARI",2,79.75,24,2,91.67,92.17,-0.5,100,100,66.67,-0.12
"AL.MONTOYA","2010-2011","NYI",13,765.83,359,25,93.04,89.93,3.1,98.98,94.83,82.76,11.14
"AL.MONTOYA","2011-2012","NYI",15,862.14,393,44,88.8,89.11,-0.31,98.25,90.13,78.74,-1.2
"AL.MONTOYA","2012-2013","WPG",3,136.06,52,9,82.69,90.96,-8.27,90,75,81.25,-4.3
"AL.MONTOYA","2013-2014","WPG",12,596.7,267,20,92.51,90.69,1.82,97.94,93.81,83.56,4.85
"AL.MONTOYA","2014-2015","FLA",9,422.92,195,20,89.74,91.89,-2.14,97.59,90.91,68.57,-4.18
"AL.MONTOYA","2015-2016","FLA",10,524.11,227,16,92.95,91.53,1.42,98.89,94.32,79.59,3.22
"AL.MONTOYA","2016-2017","MTL",5,278.69,130,5,96.15,91.07,5.08,100,96.08,90.62,6.61
"ANDERS.LINDBACK","2010-2011","NSH",9,401.15,194,13,93.3,92.22,1.08,97.14,95.65,78.12,2.1
"ANDERS.LINDBACK","2011-2012","NSH",5,217.91,75,9,88,91.89,-3.89,100,85.37,76.92,-2.92
"ANDERS.LINDBACK","2012-2013","T.B",13,779.24,378,34,91.01,92.97,-1.96,97.77,89.12,73.08,-7.41
"ANDERS.LINDBACK","2013-2014","T.B",10,555.93,249,25,89.96,92.37,-2.41,97.12,89.58,75.51,-6
"ANDERS.LINDBACK","2014-2015","DAL/BUF",12,665.48,365,33,90.96,92.49,-1.53,98.33,92.68,66.13,-5.58
"ANDERS.LINDBACK","2015-2016","ARI",10,423.83,179,23,87.15,92.37,-5.22,93.83,86.89,72.97,-9.35
"ANDERS.NILSSON","2011-2012","NYI",3,158.04,76,5,93.42,89.87,3.55,100,93.75,86.36,2.7
"ANDERS.NILSSON","2013-2014","NYI",9,507.63,251,26,89.64,88.99,0.65,98.18,94.07,76.92,1.64
"ANDERS.NILSSON","2015-2016","EDM/STL",12,634.05,327,31,90.52,91.42,-0.9,96.85,92.91,75.34,-2.93
"ANDERS.NILSSON","2016-2017","BUF",11,624.45,372,23,93.82,91.79,2.02,97.66,93.55,85.71,7.53
"ANDERS.NILSSON","2017-2018","VAN",6,301.13,175,24,86.29,90.55,-4.27,93.44,83.78,80,-7.47
"ANDREI.VASILEVSKIY","2014-2015","T.B",8,388.19,194,13,93.3,93.14,0.15,93.83,95.4,84.62,0.3
"ANDREI.VASILEVSKIY","2015-2016","T.B",8,483.48,251,23,90.84,92.51,-1.68,93.46,93.2,78.05,-4.21
"ANDREI.VASILEVSKIY","2016-2017","T.B",28,1591.47,822,73,91.12,92.76,-1.64,96.03,91.52,76.38,-13.52
"ANDREI.VASILEVSKIY","2017-2018","T.B",18,1042.25,507,38,92.5,92.31,0.2,97.58,94.14,74.36,1.01
"ANDREW.HAMMOND","2013-2014","OTT",1,34.51,11,0,100,95.64,4.36,100,100,NA,0.48
"ANDREW.HAMMOND","2014-2015","OTT",12,672.54,327,29,91.13,92.35,-1.21,97.39,91.74,75.38,-3.97
"ANDREW.HAMMOND","2015-2016","OTT",11,614.33,292,29,90.07,91.53,-1.47,96.77,89.81,76.67,-4.28
"ANDREW.HAMMOND","2016-2017","OTT",1,59.98,30,6,80,91.1,-11.1,100,72.73,50,-3.33
"ANDREW.RAYCROFT","2007-2008","TOR",9,475.67,254,32,87.4,89.5,-2.09,98.59,89.39,66.67,-5.32
"ANDREW.RAYCROFT","2008-2009","COL",16,872.62,405,47,88.4,91.51,-3.12,95.52,87.75,76.12,-12.63
"ANDREW.RAYCROFT","2009-2010","VAN",5,231.65,91,3,96.7,92.6,4.1,97.14,97.78,90.91,3.73
"ANDREW.RAYCROFT","2010-2011","DAL",5,223.31,111,2,98.2,93.28,4.92,100,97.87,92.31,5.46
"ANDREW.RAYCROFT","2011-2012","DAL",3,178.74,100,11,89,91.91,-2.91,97.96,89.29,69.57,-2.91
"ANTERO.NIITTYMAKI","2007-2008","PHI",12,549.05,242,33,86.36,90.83,-4.47,97.47,85.6,65.79,-10.82
"ANTERO.NIITTYMAKI","2008-2009","PHI",12,629.98,331,39,88.22,90.17,-1.95,97.2,88.97,74.68,-6.46
"ANTERO.NIITTYMAKI","2009-2010","T.B",27,1512.51,807,63,92.19,91.97,0.23,98.94,92.17,77.52,1.84
"ANTERO.NIITTYMAKI","2010-2011","S.J",12,725.77,325,31,90.46,90.66,-0.2,99.07,88.74,80.6,-0.65
"ANTHONY.STOLARZ","2016-2017","PHI",3,177.38,93,6,93.55,91.89,1.66,100,94.12,77.78,1.54
"ANTOINE.BIBEAU","2016-2017","TOR",1,57.02,28,2,92.86,91.89,0.96,100,100,75,0.27
"ANTON.FORSBERG","2014-2015","CBJ",3,136.5,74,11,85.14,90.11,-4.97,93.33,88.46,66.67,-3.68
"ANTON.FORSBERG","2015-2016","CBJ",2,62.64,37,2,94.59,91.73,2.86,100,94.12,85.71,1.06
"ANTON.FORSBERG","2017-2018","CHI",3,140.03,77,4,94.81,90.47,4.34,96.67,92.59,95,3.34
"ANTON.KHUDOBIN","2009-2010","MIN",2,69.45,48,1,97.92,93.33,4.58,100,100,80,2.2
"ANTON.KHUDOBIN","2010-2011","MIN",2,119.39,49,3,93.88,92.51,1.37,95.24,90,100,0.67
"ANTON.KHUDOBIN","2012-2013","BOS",5,305,161,9,94.41,93.17,1.24,98.67,96.77,75,1.99
"ANTON.KHUDOBIN","2013-2014","CAR",20,1142.65,552,41,92.57,91.56,1.01,98.71,96,75,5.59
"ANTON.KHUDOBIN","2014-2015","CAR",16,879.26,389,31,92.03,91.55,0.48,98.71,92.75,80.21,1.88
"ANTON.KHUDOBIN","2015-2016","ANA",4,143.53,77,10,87.01,89.18,-2.17,94.44,90.91,76.92,-1.67
"ANTON.KHUDOBIN","2016-2017","BOS",9,487.19,227,24,89.43,91.89,-2.46,98.92,88.42,69.23,-5.58
"ANTON.KHUDOBIN","2017-2018","BOS",5,301.55,149,16,89.26,89.84,-0.58,100,89.29,75,-0.86
"ANTTI.NIEMI","2008-2009","CHI",3,141.32,59,8,86.44,89.73,-3.29,100,86.11,70,-1.94
"ANTTI.NIEMI","2009-2010","CHI",18,1055.54,411,46,88.81,90.09,-1.28,94.64,90.55,78.57,-5.27
"ANTTI.NIEMI","2010-2011","S.J",29,1728.1,843,66,92.17,91.26,0.91,98.41,93.53,76.58,7.68
"ANTTI.NIEMI","2011-2012","S.J",35,1999.19,926,73,92.12,91.74,0.38,98.06,93.96,75.27,3.51
"ANTTI.NIEMI","2012-2013","S.J",23,1407.21,650,43,93.38,91.41,1.98,98.98,93.18,81.62,12.84
"ANTTI.NIEMI","2013-2014","S.J",35,2084.74,898,75,91.65,91.64,0.01,98.97,91.03,78.06,0.07
"ANTTI.NIEMI","2014-2015","S.J",32,1917.4,908,85,90.64,91.23,-0.59,98.93,90,75.9,-5.36
"ANTTI.NIEMI","2015-2016","DAL",25,1317.82,588,52,91.16,90.83,0.33,98.29,94.21,77.44,1.94
"ANTTI.NIEMI","2016-2017","DAL",22,1039.52,514,46,91.05,91.52,-0.47,98.73,90.62,76.27,-2.43
"ANTTI.NIEMI","2017-2018","MTL/FLA",4,107.18,69,8,88.41,90.72,-2.32,100,84,73.33,-1.6
"ANTTI.RAANTA","2013-2014","CHI",9,535.27,209,15,92.82,91.84,0.98,98.89,92.96,81.25,2.05
"ANTTI.RAANTA","2014-2015","CHI",10,555.85,291,14,95.19,92.34,2.85,98.46,91.49,94.03,8.3
"ANTTI.RAANTA","2015-2016","NYR",12,604.28,269,22,91.82,89.68,2.14,97.83,95.06,83.33,5.77
"ANTTI.RAANTA","2016-2017","NYR",13,684.06,305,30,90.16,90.49,-0.32,98.26,94.44,73.17,-0.99
"ANTTI.RAANTA","2017-2018","ARI",11,531.57,302,25,91.72,91.82,-0.1,98.53,90.2,79.69,-0.31
"BEN.BISHOP","2008-2009","STL",3,103.15,32,2,93.75,92.88,0.88,100,93.33,80,0.28
"BEN.BISHOP","2010-2011","STL",4,190.69,87,11,87.36,91.76,-4.4,97.22,81.58,76.92,-3.83
"BEN.BISHOP","2011-2012","OTT",7,391.59,180,15,91.67,91.75,-0.08,97.62,89.47,82.05,-0.15
"BEN.BISHOP","2012-2013","OTT/T.B",10,572.07,306,22,92.81,92.79,0.02,99.36,93,72,0.07
"BEN.BISHOP","2013-2014","T.B",32,1854.44,882,68,92.29,92.83,-0.54,97.91,90.27,81.4,-4.77
"BEN.BISHOP","2014-2015","T.B",34,1936.07,916,68,92.58,92.29,0.29,97.88,93.51,78.7,2.65
"BEN.BISHOP","2015-2016","T.B",33,1976.71,890,68,92.36,92.73,-0.37,98.31,91.59,77.08,-3.31
"BEN.BISHOP","2016-2017","T.B/L.A",18,1013.21,458,46,89.96,91.61,-1.65,97.37,90.06,75.26,-7.56
"BEN.BISHOP","2017-2018","DAL",20,1132.48,560,38,93.21,91.5,1.71,96.55,90.95,90.68,9.6
"BEN.SCRIVENS","2011-2012","TOR",6,306.93,147,17,88.44,92.32,-3.88,95.38,84.91,79.31,-5.71
"BEN.SCRIVENS","2012-2013","TOR",10,493.76,284,22,92.25,92.85,-0.6,96.35,93.88,77.55,-1.69
"BEN.SCRIVENS","2013-2014","L.A/EDM",19,1118.1,621,48,92.27,91.36,0.91,97.73,93.24,81.33,5.68
"BEN.SCRIVENS","2014-2015","EDM",33,1878.24,900,92,89.78,91.29,-1.51,96.24,91.44,75,-13.61
"BEN.SCRIVENS","2015-2016","MTL",6,326.24,160,11,93.12,92.59,0.54,100,93.1,75,0.86
"BRADEN.HOLTBY","2010-2011","WSH",6,319.04,151,7,95.36,92.88,2.48,97.3,94.34,91.67,3.75
"BRADEN.HOLTBY","2011-2012","WSH",4,175.58,95,10,89.47,90.86,-1.39,94.87,94.29,71.43,-1.32
"BRADEN.HOLTBY","2012-2013","WSH",19,1119.1,604,45,92.55,92.06,0.49,97.43,92.23,82.54,2.95
"BRADEN.HOLTBY","2013-2014","WSH",23,1249.81,721,59,91.82,92.26,-0.45,97.7,90.32,81.75,-3.23
"BRADEN.HOLTBY","2014-2015","WSH",36,2047.98,961,71,92.61,92.29,0.32,96.32,93.59,81.97,3.05
"BRADEN.HOLTBY","2015-2016","WSH",33,1896.88,878,68,92.26,91.96,0.29,98.63,91.9,80.63,2.57
"BRADEN.HOLTBY","2016-2017","WSH",37,2136.37,916,60,93.45,91.91,1.53,98.99,94.41,80.81,14.06
"BRADEN.HOLTBY","2017-2018","WSH",18,1088,570,38,93.33,91.52,1.81,99.61,92.27,81.97,10.34
"BRAD.THIESSEN","2011-2012","PIT",4,197.73,85,8,90.59,92.79,-2.2,100,91.18,68.75,-1.87
"BRENT.JOHNSON","2007-2008","WSH",7,395.38,179,13,92.74,90.99,1.75,100,96.81,69.7,3.13
"BRENT.JOHNSON","2008-2009","WSH",10,604.46,307,21,93.16,91.36,1.79,97.89,93.21,84,5.51
"BRENT.JOHNSON","2009-2010","PIT",12,616.79,312,30,90.38,92.35,-1.96,96.77,92.65,69.23,-6.12
"BRENT.JOHNSON","2010-2011","PIT",8,431.72,192,16,91.67,92.59,-0.92,100,86.81,85.71,-1.77
"BRENT.JOHNSON","2011-2012","PIT",4,171.88,56,9,83.93,91.45,-7.52,95.83,93.33,58.82,-4.21
"BRIAN.BOUCHER","2008-2009","S.J",6,366.34,165,16,90.3,89,1.3,93.75,94.67,78.57,2.15
"BRIAN.BOUCHER","2009-2010","PHI",15,804.69,364,33,90.93,91.31,-0.37,99.29,90.57,73.44,-1.36
"BRIAN.BOUCHER","2010-2011","PHI",14,751.51,346,24,93.06,91.3,1.76,98.41,93.96,81.69,6.09
"BRIAN.BOUCHER","2011-2012","CAR",5,245.54,115,11,90.43,90.3,0.13,100,89.13,80,0.15
"BRIAN.BOUCHER","2012-2013","PHI",2,51.12,17,2,88.24,92.65,-4.41,100,87.5,66.67,-0.75
"BRIAN.ELLIOTT","2008-2009","OTT",18,1049.98,468,44,90.6,92.28,-1.69,96.2,91.67,72.06,-7.89
"BRIAN.ELLIOTT","2009-2010","OTT",25,1380.59,627,52,91.71,91.3,0.4,96.97,92.68,77.98,2.53
"BRIAN.ELLIOTT","2010-2011","OTT/COL",29,1616.84,807,81,89.96,91.4,-1.44,99.31,89.5,73.38,-11.6
"BRIAN.ELLIOTT","2011-2012","STL",20,1195.64,491,31,93.69,91.97,1.72,97.47,95.94,81.25,8.44
"BRIAN.ELLIOTT","2012-2013","STL",12,683.49,261,29,88.89,91.64,-2.75,95.33,94,66.67,-7.19
"BRIAN.ELLIOTT","2013-2014","STL",13,725.34,305,25,91.8,92.09,-0.29,96.18,93.22,78.57,-0.88
"BRIAN.ELLIOTT","2014-2015","STL",24,1328.12,567,51,91.01,92.42,-1.41,98.36,90.41,75,-8.01
"BRIAN.ELLIOTT","2015-2016","STL",22,1130.25,572,44,92.31,91.07,1.24,99.05,91.91,81.75,7.07
"BRIAN.ELLIOTT","2016-2017","CGY",25,1414.97,680,53,92.21,91.11,1.09,98.92,94.19,77.78,7.43
"BRIAN.ELLIOTT","2017-2018","PHI",17,947.88,437,46,89.47,91.61,-2.14,96.79,90.68,71.91,-9.34
"CALVIN.HEETER","2013-2014","PHI",1,63.98,38,5,86.84,92.76,-5.92,88.89,84.62,85.71,-2.25
"CALVIN.PICKARD","2014-2015","COL",9,475.72,265,23,91.32,92.51,-1.18,97.67,89.66,77.55,-3.14
"CALVIN.PICKARD","2015-2016","COL",8,422.78,261,15,94.25,91.82,2.43,98.26,94.62,84.91,6.34
"CALVIN.PICKARD","2016-2017","COL",25,1471.01,737,68,90.77,92.94,-2.17,97.39,92.38,68.7,-15.98
"CAM.TALBOT","2013-2014","NYR",8,469.16,230,16,93.04,91.31,1.73,98.91,96.39,78.18,3.98
"CAM.TALBOT","2014-2015","NYR",17,956.09,470,31,93.4,90.96,2.45,97.16,95.27,85.6,11.5
"CAM.TALBOT","2015-2016","EDM",29,1622.19,819,70,91.45,90.86,0.6,96.96,93.59,80.57,4.88
"CAM.TALBOT","2016-2017","EDM",38,2223.92,1111,86,92.26,90.32,1.94,98.69,94.46,79.86,21.52
"CAM.TALBOT","2017-2018","EDM",18,1046.62,566,55,90.28,90.02,0.26,99.09,90,77.55,1.46
"CAM.WARD","2007-2008","CAR",39,2259.43,1015,106,89.56,90.44,-0.89,96.95,91.27,75.46,-9.01
"CAM.WARD","2008-2009","CAR",35,2006,902,76,91.57,91.11,0.47,98.4,90.8,80.61,4.23
"CAM.WARD","2009-2010","CAR",21,1211.89,603,50,91.71,90.75,0.95,98.97,94.46,75.91,5.75
"CAM.WARD","2010-2011","CAR",39,2286.93,1209,96,92.06,91.28,0.78,97.37,93.16,80.72,9.44
"CAM.WARD","2011-2012","CAR",34,1986.76,972,84,91.36,91.55,-0.19,97.83,92.8,76.19,-1.87
"CAM.WARD","2012-2013","CAR",6,359.31,170,18,89.41,90.69,-1.28,95.16,92.86,73.68,-2.17
"CAM.WARD","2013-2014","CAR",14,768.29,384,37,90.36,91.25,-0.88,98.17,94.78,68.6,-3.39
"CAM.WARD","2014-2015","CAR",27,1591.23,661,49,92.59,91.22,1.36,98.65,94.34,78.29,9.01
"CAM.WARD","2015-2016","CAR",29,1722.67,743,71,90.44,91.24,-0.8,96.62,92.11,77.9,-5.92
"CAM.WARD","2016-2017","CAR",33,1953.1,922,77,91.65,90.84,0.81,98.44,91.88,79.91,7.45
"CAM.WARD","2017-2018","CAR",8,464.95,218,19,91.28,91.6,-0.31,96.77,92.68,76.74,-0.68
"CAREY.PRICE","2007-2008","MTL",20,1146.63,593,48,91.91,91.83,0.08,98.48,89.61,85.23,0.47
"CAREY.PRICE","2008-2009","MTL",24,1427.62,699,58,91.7,91.73,-0.02,97.08,93.75,72.9,-0.17
"CAREY.PRICE","2009-2010","MTL",20,1172.57,561,54,90.37,91.72,-1.35,98.09,92.28,63.75,-7.56
"CAREY.PRICE","2010-2011","MTL",38,2252.14,1145,78,93.19,91.47,1.71,97.82,95.09,80.27,19.63
"CAREY.PRICE","2011-2012","MTL",35,2136.06,998,88,91.18,91.66,-0.47,98.17,91.44,77.78,-4.72
"CAREY.PRICE","2012-2013","MTL",21,1230.2,549,54,90.16,91.52,-1.36,97.98,89.27,75.81,-7.47
"CAREY.PRICE","2013-2014","MTL",37,2163.6,1158,74,93.61,92.02,1.59,99.43,93.67,81.27,18.43
"CAREY.PRICE","2014-2015","MTL",37,2245.37,1095,73,93.33,91.6,1.74,98.94,94.68,80.49,19.02
"CAREY.PRICE","2015-2016","MTL",5,299.85,160,6,96.25,91.92,4.33,98.63,98.15,87.88,6.92
"CAREY.PRICE","2016-2017","MTL",37,2186.23,1067,76,92.88,92.02,0.85,97.19,92.17,84.81,9.11
"CAREY.PRICE","2017-2018","MTL",15,847.63,438,36,91.78,91.97,-0.19,97.52,91.33,79.07,-0.83
"CARTER.HUTTON","2013-2014","NSH",16,841.87,396,34,91.41,92.68,-1.27,98.25,91.5,75,-5.01
"CARTER.HUTTON","2014-2015","NSH",5,256.59,125,13,89.6,91.68,-2.08,97.78,89.66,72.73,-2.6
"CARTER.HUTTON","2015-2016","NSH",4,235.08,118,6,94.92,91.55,3.36,100,90.32,90.32,3.97
"CARTER.HUTTON","2016-2017","STL",13,648.62,288,31,89.24,92.12,-2.88,99.14,88.29,72.13,-8.3
"CARTER.HUTTON","2017-2018","STL",8,444.62,220,12,94.55,90.85,3.7,97.8,95,87.76,8.14
"CASEY.DESMITH","2017-2018","PIT",1,38.2,9,1,88.89,92.44,-3.56,100,100,50,-0.32
"CEDRICK.DESJARDINS","2010-2011","T.B",2,120.32,63,2,96.83,92.57,4.25,95,97.22,100,2.68
"CEDRICK.DESJARDINS","2012-2013","T.B",1,58.78,29,4,86.21,90.9,-4.69,92.86,85.71,75,-1.36
"CEDRICK.DESJARDINS","2013-2014","T.B",1,18.03,13,2,84.62,91.69,-7.08,100,100,0,-0.92
"CHAD.JOHNSON","2009-2010","NYR",1,40,20,3,85,86.05,-1.05,100,81.82,85.71,-0.21
"CHAD.JOHNSON","2012-2013","ARI",3,182.43,78,4,94.87,92.69,2.18,100,100,75,1.7
"CHAD.JOHNSON","2013-2014","BOS",9,513.7,214,12,94.39,92.2,2.2,98.91,92.41,88.37,4.7
"CHAD.JOHNSON","2014-2015","NYI",6,316.75,150,17,88.67,90.13,-1.46,98.04,92.98,71.43,-2.19
"CHAD.JOHNSON","2015-2016","BUF",22,1214.64,550,41,92.55,92.04,0.51,98.44,91.67,80.53,2.79
"CHAD.JOHNSON","2016-2017","CGY",19,1042.68,498,52,89.56,90.84,-1.28,97.89,89.25,77.05,-6.37
"CHAD.JOHNSON","2017-2018","BUF",5,239.75,141,19,86.52,90.5,-3.98,98.25,93.33,61.54,-5.61
"CHARLIE.LINDGREN","2017-2018","MTL",6,349.82,184,17,90.76,90.4,0.36,100,89.47,78,0.67
"CHRIS.DRIEDGER","2014-2015","OTT",1,22.86,10,0,100,92.3,7.7,100,100,100,0.77
"CHRIS.GIBSON","2015-2016","NYI",2,102.77,44,7,84.09,91.89,-7.8,92.31,86.96,62.5,-3.43
"CHRIS.MASON","2007-2008","NSH",24,1287.04,623,57,90.85,91.73,-0.87,97.93,91.67,73.4,-5.45
"CHRIS.MASON","2008-2009","STL",24,1386.12,598,54,90.97,91.96,-0.99,98.87,89.88,80,-5.9
"CHRIS.MASON","2009-2010","STL",34,2057.03,941,79,91.6,91.43,0.18,97.79,92.5,78.53,1.65
"CHRIS.MASON","2010-2011","ATL",15,818.92,386,41,89.38,90.97,-1.6,96.36,90.26,77.78,-6.16
"CHRIS.MASON","2011-2012","WPG",6,336.74,138,10,92.75,90.11,2.64,98.11,93.33,85,3.65
"CHRIS.MASON","2012-2013","NSH",2,76.17,27,8,70.37,88.04,-17.67,100,70,50,-4.77
"CHRIS.MINARD","2008-2009","PIT",3,31.71,11,0,100,95.73,4.27,100,100,NA,0.47
"CHRIS.OSGOOD","2007-2008","DET",20,1145.55,449,49,89.09,91.12,-2.04,95.2,90.46,75.9,-9.14
"CHRIS.OSGOOD","2008-2009","DET",23,1336.87,596,73,87.75,91.02,-3.27,97.7,89.35,67.86,-19.49
"CHRIS.OSGOOD","2009-2010","DET",10,577.96,248,21,91.53,92.56,-1.02,94.05,91.85,82.76,-2.54
"CHRIS.OSGOOD","2010-2011","DET",4,202.61,97,9,90.72,92.73,-2.01,92.5,88.64,92.31,-1.95
"CONNOR.HELLEBUYCK","2015-2016","WPG",17,920.81,461,43,90.67,90.03,0.64,99.4,91.23,78.05,2.96
"CONNOR.HELLEBUYCK","2016-2017","WPG",31,1639.11,851,71,91.66,91.02,0.64,97.74,92.65,78.26,5.46
"CONNOR.HELLEBUYCK","2017-2018","WPG",17,986.37,494,36,92.71,91.76,0.95,97.92,92.9,77.65,4.7
"CONNOR.KNAPP","2013-2014","BUF",1,64.94,25,3,88,92.88,-4.88,83.33,100,50,-1.22
"COREY.CRAWFORD","2007-2008","CHI",2,119.95,51,3,94.12,91,3.12,100,88.46,100,1.59
"COREY.CRAWFORD","2010-2011","CHI",30,1783.05,792,71,91.04,91.32,-0.29,98.87,93.48,72.33,-2.26
"COREY.CRAWFORD","2011-2012","CHI",30,1698.5,786,78,90.08,91.54,-1.47,98.32,93.87,69.83,-11.54
"COREY.CRAWFORD","2012-2013","CHI",13,796.26,360,30,91.67,90.82,0.85,98.5,93.48,78.65,3.06
"COREY.CRAWFORD","2013-2014","CHI",32,1866.55,795,68,91.45,91.95,-0.5,97.35,91.1,79.88,-4
"COREY.CRAWFORD","2014-2015","CHI",29,1645.66,846,68,91.96,91.87,0.09,98.35,93.87,75,0.75
"COREY.CRAWFORD","2015-2016","CHI",31,1816.28,928,56,93.97,91.43,2.54,98.58,94.32,83.07,23.55
"COREY.CRAWFORD","2016-2017","CHI",27,1606.72,837,60,92.83,91.47,1.36,99.09,92.97,82.05,11.38
"COREY.CRAWFORD","2017-2018","CHI",15,885.45,474,32,93.25,91.18,2.07,97.93,93.33,85.34,9.83
"CORY.SCHNEIDER","2008-2009","VAN",2,98.68,41,4,90.24,90.29,-0.05,90,90.91,88.89,-0.02
"CORY.SCHNEIDER","2010-2011","VAN",10,562.22,263,25,90.49,90.77,-0.28,95.4,89.52,84.62,-0.73
"CORY.SCHNEIDER","2011-2012","VAN",14,758.19,389,25,93.57,91.84,1.74,97.47,93.88,85.71,6.76
"CORY.SCHNEIDER","2012-2013","VAN",15,881.93,417,26,93.76,91.94,1.82,98.94,93.8,84,7.6
"CORY.SCHNEIDER","2013-2014","N.J",21,1213.91,464,32,93.1,91.35,1.75,98.29,94.92,82.14,8.14
"CORY.SCHNEIDER","2014-2015","N.J",34,2024.82,955,63,93.4,91.49,1.91,97.24,94.52,85.53,18.27
"CORY.SCHNEIDER","2015-2016","N.J",30,1813.46,777,67,91.38,91.08,0.3,97.41,91.04,82.5,2.33
"CORY.SCHNEIDER","2016-2017","N.J",33,1885.55,944,84,91.1,91.29,-0.19,97.78,91.99,78.73,-1.75
"CORY.SCHNEIDER","2017-2018","N.J",18,1078.68,559,46,91.77,90.38,1.39,96.28,94.74,81.12,7.77
"CRAIG.ANDERSON","2007-2008","FLA",5,233.07,116,10,91.38,91.22,0.16,94.44,94.44,80.77,0.18
"CRAIG.ANDERSON","2008-2009","FLA",11,502.16,285,21,92.63,92.37,0.26,94.64,92.14,87.88,0.74
"CRAIG.ANDERSON","2009-2010","COL",37,2193.74,1141,88,92.29,91.9,0.39,99.09,92.28,76.09,4.4
"CRAIG.ANDERSON","2010-2011","COL/OTT",27,1515.95,782,82,89.51,91.9,-2.39,98.13,89.57,68.89,-18.68
"CRAIG.ANDERSON","2011-2012","OTT",29,1592.17,837,80,90.44,91.41,-0.97,97.25,91.46,76.17,-8.12
"CRAIG.ANDERSON","2012-2013","OTT",14,825.4,404,23,94.31,91.97,2.33,98.94,96.24,80.49,9.43
"CRAIG.ANDERSON","2013-2014","OTT",29,1652.28,879,86,90.22,91.84,-1.62,97.5,91.86,71.74,-14.23
"CRAIG.ANDERSON","2014-2015","OTT",17,1032.56,547,42,92.32,92.82,-0.5,98.17,92.31,75,-2.73
"CRAIG.ANDERSON","2015-2016","OTT",31,1819.17,954,66,93.08,92.43,0.65,98.9,91.48,81.96,6.23
"CRAIG.ANDERSON","2016-2017","OTT",20,1212.64,586,44,92.49,92.4,0.09,98.63,91.85,77.06,0.53
"CRAIG.ANDERSON","2017-2018","OTT",15,852.35,430,44,89.77,91.67,-1.9,99.49,88.81,69.66,-8.18
"CRISTOBAL.HUET","2007-2008","MTL/WSH",26,1501.63,734,52,92.92,91.46,1.45,98.8,94.27,78.52,10.67
"CRISTOBAL.HUET","2008-2009","CHI",17,987.75,440,40,90.91,91.56,-0.65,97.99,91.13,78.41,-2.87
"CRISTOBAL.HUET","2009-2010","CHI",25,1440.09,533,50,90.62,91.47,-0.85,96.99,90.25,80,-4.51
"CRISTOPHER.NILSTORP","2012-2013","DAL",3,172.01,83,9,89.16,92.48,-3.33,97.37,88,75,-2.76
"CURTIS.JOSEPH","2008-2009","TOR",9,378.05,186,20,89.25,90.8,-1.55,98.31,88.17,76.47,-2.89
"CURTIS.MCELHINNEY","2007-2008","CGY",1,23.63,2,1,50,89.5,-39.5,NA,100,0,-0.79
"CURTIS.MCELHINNEY","2008-2009","CGY",3,137.91,73,5,93.15,92.19,0.96,100,91.89,77.78,0.7
"CURTIS.MCELHINNEY","2009-2010","CGY/ANA",11,511.2,235,23,90.21,91.85,-1.64,100,90.58,70.59,-3.85
"CURTIS.MCELHINNEY","2010-2011","ANA/OTT",8,417.61,196,16,91.84,90.83,1.01,98.67,93.75,75.61,1.97
"CURTIS.MCELHINNEY","2013-2014","CBJ",14,706.3,348,27,92.24,92.69,-0.45,98.11,93.89,72.41,-1.56
"CURTIS.MCELHINNEY","2014-2015","CBJ",13,667.55,338,36,89.35,90.8,-1.46,97.81,92.11,72.41,-4.92
"CURTIS.MCELHINNEY","2015-2016","CBJ",7,296.28,144,15,89.58,89.06,0.52,100,91.11,78.85,0.75
"CURTIS.MCELHINNEY","2016-2017","CBJ/TOR",9,519.39,290,24,91.72,91.43,0.29,94.92,92.45,84.85,0.84
"CURTIS.MCELHINNEY","2017-2018","TOR",3,178.02,94,6,93.62,89.97,3.65,97.14,96.67,86.21,3.43
"CURTIS.SANFORD","2007-2008","VAN",5,182.86,88,16,81.82,91.39,-9.57,94.87,80,57.89,-8.42
"CURTIS.SANFORD","2008-2009","VAN",10,552.92,249,24,90.36,91.41,-1.04,98.67,88.28,82.61,-2.6
"CURTIS.SANFORD","2011-2012","CBJ",15,808.06,397,33,91.69,92.73,-1.04,96,94.49,74.29,-4.14
"DAN.CLOUTIER","2007-2008","L.A",5,266.67,139,14,89.93,92.23,-2.3,98,89.86,70,-3.2
"DAN.ELLIS","2007-2008","NSH",22,1167.72,581,47,91.91,91.83,0.08,98.53,92.55,75.79,0.45
"DAN.ELLIS","2008-2009","NSH",15,816.54,387,40,89.66,92,-2.34,99.29,92.67,55.36,-9.04
"DAN.ELLIS","2009-2010","NSH",6,309.88,134,12,91.04,90.29,0.75,100,90.77,76.92,1.01
"DAN.ELLIS","2010-2011","T.B/ANA",22,1270.21,555,53,90.45,92.51,-2.06,97.66,89.11,76.19,-11.42
"DAN.ELLIS","2011-2012","ANA",5,172.55,86,6,93.02,91.5,1.52,100,91.67,80,1.31
"DAN.ELLIS","2012-2013","CAR",12,648.19,356,37,89.61,90.29,-0.69,97.69,92.31,75,-2.44
"DAN.ELLIS","2013-2014","DAL/FLA",10,513.71,243,27,88.89,89.62,-0.73,96.63,87.34,81.33,-1.78
"DAN.ELLIS","2014-2015","FLA",5,308.95,133,15,88.72,91.97,-3.25,94.44,90.74,72,-4.32
"DANIEL.LACOSTA","2008-2009","CBJ",2,121.11,61,2,96.72,93.95,2.77,96.55,100,80,1.69
"DANIEL.TAYLOR","2007-2008","L.A",1,20,10,2,80,88.6,-8.6,100,100,60,-0.86
"DANIEL.TAYLOR","2012-2013","CGY",1,60,31,2,93.55,92,1.55,100,90.91,83.33,0.48
"DANY.SABOURIN","2007-2008","PIT",8,414.12,170,21,87.65,92.44,-4.79,95.52,87.65,63.64,-8.14
"DANY.SABOURIN","2008-2009","PIT",7,307.82,132,13,90.15,91.15,-1,100,93.55,66.67,-1.32
"DARCY.KUEMPER","2012-2013","MIN",1,60,31,2,93.55,90.87,2.68,90.91,100,85.71,0.83
"DARCY.KUEMPER","2013-2014","MIN",12,712.14,325,23,92.92,93.67,-0.75,98.37,91.18,71.79,-2.44
"DARCY.KUEMPER","2014-2015","MIN",15,690.11,280,32,88.57,93.08,-4.51,95.21,86.21,72.34,-12.62
"DARCY.KUEMPER","2015-2016","MIN",10,507.89,236,20,91.53,92.57,-1.04,98.1,87.91,82.5,-2.46
"DARCY.KUEMPER","2016-2017","MIN",6,360.49,177,16,90.96,92.14,-1.18,96.94,88.89,76.47,-2.09
"DARCY.KUEMPER","2017-2018","L.A",4,244.92,120,9,92.5,90.92,1.58,98.25,94.29,78.57,1.89
"DAVID.LENEVEU","2010-2011","CBJ",1,20,12,2,83.33,90.08,-6.75,80,100,66.67,-0.81
"DAVID.RITTICH","2017-2018","CGY",1,20,6,2,66.67,90.83,-24.17,66.67,100,0,-1.45
"DEVAN.DUBNYK","2009-2010","EDM",9,517.6,248,26,89.52,91.83,-2.31,100,90.62,65,-5.74
"DEVAN.DUBNYK","2010-2011","EDM",16,913.67,445,42,90.56,91,-0.44,100,88.52,82.72,-1.97
"DEVAN.DUBNYK","2011-2012","EDM",23,1250.95,614,54,91.21,90.2,1,97.69,91.95,81.48,6.15
"DEVAN.DUBNYK","2012-2013","EDM",19,1026.39,534,49,90.82,90.32,0.5,96.73,93.23,79.23,2.69
"DEVAN.DUBNYK","2013-2014","EDM/NSH",15,820.44,392,46,88.27,91.41,-3.14,95.77,90.18,72.41,-12.31
"DEVAN.DUBNYK","2014-2015","ARI/MIN",29,1668.48,766,60,92.17,92.41,-0.24,98.9,90.57,77.21,-1.83
"DEVAN.DUBNYK","2015-2016","MIN",34,1926.92,887,68,92.33,92.64,-0.31,97.77,91.07,79.25,-2.75
"DEVAN.DUBNYK","2016-2017","MIN",34,2030.17,909,73,91.97,93.38,-1.41,98.17,88.03,77.27,-12.78
"DEVAN.DUBNYK","2017-2018","MIN",15,857,456,31,93.2,92.57,0.64,97.02,91.84,83.78,2.9
"DIMITRI.PATZOLD","2007-2008","S.J",1,20,9,3,66.67,83.67,-17,100,66.67,50,-1.53
"DOMINIK.HASEK","2007-2008","DET",22,1307.99,448,38,91.52,90.53,0.98,97.08,94.01,77.66,4.41
"DREW.MACINTYRE","2007-2008","VAN",1,33.8,11,1,90.91,93,-2.09,100,100,66.67,-0.23
"DREW.MACINTYRE","2011-2012","BUF",1,7.97,2,0,100,91,9,NA,100,100,0.18
"DUSTIN.TOKARSKI","2011-2012","T.B",4,179.43,83,11,86.75,91.78,-5.04,100,86.84,62.5,-4.18
"DUSTIN.TOKARSKI","2014-2015","MTL",4,244.97,127,14,88.98,90.46,-1.49,98.08,89.47,75.68,-1.89
"DUSTIN.TOKARSKI","2015-2016","MTL",3,109.32,51,6,88.24,89.29,-1.06,100,100,64.71,-0.54
"DUSTIN.TOKARSKI","2016-2017","ANA",1,9.78,5,0,100,85.4,14.6,100,100,100,0.73
"DWAYNE.ROLOSON","2007-2008","EDM",18,1050.69,487,50,89.73,91.94,-2.21,96.13,87.5,80.3,-10.76
"DWAYNE.ROLOSON","2008-2009","EDM",34,1882.26,983,78,92.07,91.38,0.68,97.74,93.01,77.85,6.72
"DWAYNE.ROLOSON","2009-2010","NYI",23,1326.91,686,62,90.96,90.69,0.27,97.16,92.51,76.56,1.87
"DWAYNE.ROLOSON","2010-2011","NYI/T.B",30,1769.1,873,76,91.29,92.5,-1.21,97.98,91.44,72.87,-10.52
"DWAYNE.ROLOSON","2011-2012","T.B",19,1013.7,519,58,88.82,91.07,-2.24,98.91,90.19,71.31,-11.64
"EDDIE.LACK","2013-2014","VAN",17,1011.13,442,38,91.4,92.26,-0.86,96.97,91.82,77.65,-3.8
"EDDIE.LACK","2014-2015","VAN",20,1192.18,576,45,92.19,90.69,1.5,98.3,94.21,80.13,8.64
"EDDIE.LACK","2015-2016","CAR",13,745.22,338,35,89.64,90.65,-1,99.18,88.28,78.41,-3.39
"EDDIE.LACK","2016-2017","CAR",9,427.04,195,16,91.79,90.41,1.39,98.78,90,83.02,2.71
"EDDIE.LACK","2017-2018","CGY",2,51.87,21,3,85.71,94.81,-9.1,92.86,66.67,100,-1.91
"ERIK.ERSBERG","2007-2008","L.A",6,310.41,178,12,93.26,92.56,0.7,97.1,96.43,72,1.25
"ERIK.ERSBERG","2008-2009","L.A",17,856.08,349,38,89.11,92.1,-2.99,97.1,87.9,72.22,-10.42
"ERIK.ERSBERG","2009-2010","L.A",3,136.32,68,4,94.12,92.69,1.43,93.33,96.43,90,0.97
"EVGENI.NABOKOV","2007-2008","S.J",41,2472.48,947,92,90.29,90.66,-0.37,98.29,89.5,79.21,-3.53
"EVGENI.NABOKOV","2008-2009","S.J",35,2126.5,909,73,91.97,90.97,1,99,92.75,75.97,9.08
"EVGENI.NABOKOV","2009-2010","S.J",36,2160.53,1092,78,92.86,90.83,2.03,97.63,92.84,83.67,22.16
"EVGENI.NABOKOV","2011-2012","NYI",17,956.37,444,38,91.44,90.93,0.51,96.84,91.33,84.07,2.27
"EVGENI.NABOKOV","2012-2013","NYI",20,1201.96,529,51,90.36,90.32,0.04,98.15,91.43,80.89,0.19
"EVGENI.NABOKOV","2013-2014","NYI",25,1321.35,625,61,90.24,89.25,0.99,100,92.89,78,6.17
"EVGENI.NABOKOV","2014-2015","T.B",2,118.95,55,3,94.55,92.29,2.25,95.83,100,75,1.24
"FREDERIK.ANDERSEN","2013-2014","ANA",14,741.82,395,27,93.16,91.13,2.04,100,96.77,75.56,8.05
"FREDERIK.ANDERSEN","2014-2015","ANA",28,1632.24,777,65,91.63,91.23,0.41,96.36,94.9,79.26,3.16
"FREDERIK.ANDERSEN","2015-2016","ANA",19,1008.47,465,32,93.12,91.26,1.86,98.8,95,82.2,8.65
"FREDERIK.ANDERSEN","2016-2017","TOR",35,2047.69,1070,89,91.68,90.55,1.13,97.76,91.79,82.8,12.07
"FREDERIK.ANDERSEN","2017-2018","TOR",15,914.35,516,41,92.05,90.24,1.81,96.05,93.81,83.72,9.36
"FREDRIK.NORRENA","2007-2008","CBJ",16,813.96,347,35,89.91,91.39,-1.47,98.39,90.48,75,-5.11
"FREDRIK.NORRENA","2008-2009","CBJ",3,128.9,51,6,88.24,90.25,-2.02,100,96.3,54.55,-1.03
"GARRET.SPARKS","2015-2016","TOR",11,618.38,287,28,90.24,91.31,-1.06,97.69,87.62,76.92,-3.05
"HANNU.TOIVONEN","2007-2008","STL",7,328.51,135,15,88.89,91.31,-2.42,90.91,89.61,84,-3.27
"HENRIK.KARLSSON","2010-2011","CGY",5,246.51,122,18,85.25,91.04,-5.8,97.83,84.91,60.87,-7.07
"HENRIK.KARLSSON","2011-2012","CGY",4,164.79,65,6,90.77,88.46,2.31,100,94.74,79.17,1.5
"HENRIK.LUNDQVIST","2007-2008","NYR",40,2337.94,943,77,91.83,90.13,1.7,97.86,92.87,84.3,16.06
"HENRIK.LUNDQVIST","2008-2009","NYR",39,2278.48,1071,86,91.97,90.02,1.95,98.31,94.95,80.78,20.9
"HENRIK.LUNDQVIST","2009-2010","NYR",40,2326.67,1142,95,91.68,89.49,2.19,97.8,93.15,84.89,25.03
"HENRIK.LUNDQVIST","2010-2011","NYR",34,2022.44,892,76,91.48,90.31,1.17,96.31,94.15,82.75,10.43
"HENRIK.LUNDQVIST","2011-2012","NYR",33,2001.13,848,63,92.57,90.4,2.17,98.35,92.53,85.23,18.39
"HENRIK.LUNDQVIST","2012-2013","NYR",23,1365.46,603,42,93.03,90.28,2.75,100,93.99,83.63,16.59
"HENRIK.LUNDQVIST","2013-2014","NYR",34,1979.55,946,70,92.6,90.07,2.53,99.02,94.69,83.04,23.98
"HENRIK.LUNDQVIST","2014-2015","NYR",26,1534.84,752,60,92.02,91.01,1.01,98.24,94.24,79.47,7.58
"HENRIK.LUNDQVIST","2015-2016","NYR",32,1843.53,870,71,91.84,90.53,1.31,99.68,94.41,78.71,11.4
"HENRIK.LUNDQVIST","2016-2017","NYR",31,1701.13,859,85,90.1,90.78,-0.67,96.3,91.44,78.24,-5.77
"HENRIK.LUNDQVIST","2017-2018","NYR",21,1220.18,627,49,92.19,90.93,1.26,98.8,90.62,83.77,7.87
"IIRO.TARKKI","2011-2012","ANA",1,40.84,10,3,70,93.2,-23.2,100,80,0,-2.32
"ILYA.BRYZGALOV","2007-2008","ANA/ARI",32,1789.46,871,70,91.96,91.65,0.31,97.74,94.01,75.62,2.73
"ILYA.BRYZGALOV","2008-2009","ARI",31,1723.71,904,80,91.15,92.38,-1.22,97.67,92.24,72.61,-11.07
"ILYA.BRYZGALOV","2009-2010","ARI",36,2084.99,983,74,92.47,92.11,0.36,97.47,93.24,79.31,3.53
"ILYA.BRYZGALOV","2010-2011","ARI",40,2420.03,1242,103,91.71,92.39,-0.68,98.6,91.41,76.71,-8.48
"ILYA.BRYZGALOV","2011-2012","PHI",33,1872.86,847,77,90.91,90.42,0.49,97.92,92.6,76.38,4.11
"ILYA.BRYZGALOV","2012-2013","PHI",22,1276.97,593,52,91.23,91.19,0.04,99.17,90.75,76.98,0.25
"ILYA.BRYZGALOV","2013-2014","EDM/MIN",13,707.29,313,37,88.18,91.33,-3.15,92.74,90.62,73.77,-9.87
"ILYA.BRYZGALOV","2014-2015","ANA",2,119.85,44,4,90.91,93.64,-2.73,100,87.5,66.67,-1.2
"JACK.CAMPBELL","2016-2017","L.A",1,20,5,0,100,95.6,4.4,100,100,NA,0.22
"JACOB.MARKSTROM","2011-2012","FLA",2,84.99,51,2,96.08,90.69,5.39,100,96,90.91,2.75
"JACOB.MARKSTROM","2012-2013","FLA",11,666.16,314,33,89.49,92.49,-3,96.13,90.35,64.44,-9.42
"JACOB.MARKSTROM","2013-2014","FLA/VAN",9,493.3,217,23,89.4,91.35,-1.94,95.24,96.39,68,-4.22
"JACOB.MARKSTROM","2014-2015","VAN",2,17.63,6,3,50,84.5,-34.5,100,50,0,-2.07
"JACOB.MARKSTROM","2015-2016","VAN",15,913.25,452,45,90.04,91.65,-1.61,94.12,92.82,75.86,-7.27
"JACOB.MARKSTROM","2016-2017","VAN",9,549.93,255,25,90.2,90.87,-0.68,96.7,95.28,70.69,-1.73
"JACOB.MARKSTROM","2017-2018","VAN",17,963.52,501,42,91.62,91.64,-0.02,96.8,89.71,84.11,-0.11
"JAKE.ALLEN","2012-2013","STL",7,354.76,164,11,93.29,91.42,1.87,98.31,95.71,80,3.07
"JAKE.ALLEN","2014-2015","STL",18,1034.9,404,37,90.84,91.89,-1.05,97.4,89.27,80.82,-4.23
"JAKE.ALLEN","2015-2016","STL",23,1322.02,579,44,92.4,91.26,1.15,97.25,93.16,82.68,6.63
"JAKE.ALLEN","2016-2017","STL",32,1829.6,830,74,91.08,91.83,-0.75,97.23,92.15,77.59,-6.19
"JAKE.ALLEN","2017-2018","STL",17,937.35,437,37,91.53,91.16,0.38,98.82,89.88,81.82,1.65
"JAMES.REIMER","2010-2011","TOR",16,900.81,489,39,92.02,92.38,-0.36,96.43,91.98,79.49,-1.76
"JAMES.REIMER","2011-2012","TOR",17,1007.66,486,46,90.53,91.51,-0.98,97.99,89.44,78.5,-4.74
"JAMES.REIMER","2012-2013","TOR",18,946.98,514,43,91.63,92.29,-0.66,97.91,88.57,82,-3.39
"JAMES.REIMER","2013-2014","TOR",18,864.72,512,46,91.02,92.42,-1.4,98.02,85.03,82.8,-7.18
"JAMES.REIMER","2014-2015","TOR",14,655.84,369,30,91.87,91.19,0.68,98.6,91.5,79.45,2.51
"JAMES.REIMER","2015-2016","TOR/S.J",20,1150.09,561,45,91.98,91.45,0.53,96.2,93.93,79.09,2.97
"JAMES.REIMER","2016-2017","FLA",21,1160.18,613,49,92.01,91.81,0.2,98.37,91.6,78.3,1.22
"JAMES.REIMER","2017-2018","FLA",13,655.43,376,35,90.69,90.2,0.49,96.3,91.19,80.49,1.85
"JARED.COREAU","2016-2017","DET",5,248.92,101,11,89.11,90.53,-1.43,100,89.13,70,-1.44
"JAROSLAV.HALAK","2007-2008","MTL",3,144.66,64,4,93.75,93.53,0.22,100,86.96,85.71,0.14
"JAROSLAV.HALAK","2008-2009","MTL",18,1048.35,589,47,92.02,91.3,0.72,97.8,92.98,79.63,4.23
"JAROSLAV.HALAK","2009-2010","MTL",22,1319.64,613,51,91.68,91.67,0.01,97.75,92.25,77.57,0.05
"JAROSLAV.HALAK","2010-2011","STL",32,1938.31,879,68,92.26,91.5,0.76,97.9,93.26,79.75,6.72
"JAROSLAV.HALAK","2011-2012","STL",21,1270.38,524,35,93.32,91.59,1.73,96.6,95.52,83.76,9.09
"JAROSLAV.HALAK","2012-2013","STL",7,394.31,138,9,93.48,91.83,1.64,100,96.43,77.42,2.27
"JAROSLAV.HALAK","2013-2014","STL/WSH",28,1550.21,717,62,91.35,92.18,-0.82,97.38,91.87,75.97,-5.9
"JAROSLAV.HALAK","2014-2015","NYI",34,2042.36,981,84,91.44,89.74,1.7,96.92,92.61,84.1,16.66
"JAROSLAV.HALAK","2015-2016","NYI",16,919.94,424,32,92.45,90.1,2.35,100,94.41,82.26,9.97
"JAROSLAV.HALAK","2016-2017","NYI",14,836.1,437,38,91.3,89.98,1.33,96.64,97.09,75.86,5.8
"JAROSLAV.HALAK","2017-2018","NYI",11,599.95,344,30,91.28,90.14,1.14,99.16,91.72,78.75,3.92
"JASON.KASDORF","2015-2016","BUF",1,60,30,4,86.67,94.5,-7.83,89.47,88.89,50,-2.35
"JASON.LABARBERA","2007-2008","L.A",20,1034.03,570,48,91.58,90.54,1.04,96.91,92.47,81.9,5.95
"JASON.LABARBERA","2008-2009","L.A/VAN",15,793.54,366,38,89.62,91.3,-1.68,97.78,88.69,74.6,-6.14
"JASON.LABARBERA","2009-2010","ARI",8,393.63,179,19,89.39,91.41,-2.02,95.31,92.11,74.36,-3.62
"JASON.LABARBERA","2010-2011","ARI",2,71.38,34,3,91.18,91.53,-0.35,100,75,100,-0.12
"JASON.LABARBERA","2011-2012","ARI",8,409.84,180,18,90,92.54,-2.54,95.56,92.59,72.22,-4.57
"JASON.LABARBERA","2012-2013","ARI",8,347.36,199,14,92.96,91.54,1.42,96.3,95.65,83.67,2.83
"JASON.LABARBERA","2013-2014","EDM",3,150.17,59,7,88.14,91.69,-3.56,95.45,88,75,-2.1
"JASON.LABARBERA","2014-2015","ANA",3,113.79,66,7,89.39,92.05,-2.65,96.43,91.67,71.43,-1.75
"JEAN-FRANCOIS.BERUBE","2015-2016","NYI",3,179.79,99,9,90.91,88.73,2.18,100,90.7,86.11,2.16
"JEAN-FRANCOIS.BERUBE","2016-2017","NYI",6,328.39,163,20,87.73,92.23,-4.5,95.59,88.73,62.5,-7.33
"JEAN-SEBASTIEN.GIGUERE","2007-2008","ANA",29,1637.93,687,55,91.99,90.85,1.15,98.88,92.06,82.31,7.87
"JEAN-SEBASTIEN.GIGUERE","2008-2009","ANA",23,1238.02,599,68,88.65,91.17,-2.52,97.01,90.22,71.13,-15.11
"JEAN-SEBASTIEN.GIGUERE","2009-2010","ANA/TOR",17,1011.67,481,38,92.1,91.2,0.9,97.79,91.8,84.27,4.33
"JEAN-SEBASTIEN.GIGUERE","2010-2011","TOR",20,1082.67,488,45,90.78,92.21,-1.43,97.27,90.57,72.13,-6.98
"JEAN-SEBASTIEN.GIGUERE","2011-2012","COL",16,980.27,470,40,91.49,92.09,-0.6,99.02,88.02,81.82,-2.83
"JEAN-SEBASTIEN.GIGUERE","2012-2013","COL",7,386.25,198,23,88.38,92.81,-4.42,93.1,91.14,68.75,-8.76
"JEAN-SEBASTIEN.GIGUERE","2013-2014","COL",6,296.71,137,14,89.78,92.04,-2.26,96.92,93.33,66.67,-3.1
"JEFF.DESLAURIERS","2009-2010","EDM",23,1354.39,708,71,89.97,90.76,-0.79,96.62,92.49,71.88,-5.59
"JEFF.DESLAURIERS","2011-2012","ANA",1,60,28,2,92.86,94.54,-1.68,86.67,100,100,-0.47
"JEFF.DROUIN-DESLAURIERS","2008-2009","EDM",3,169.13,89,13,85.39,90.24,-4.84,100,81.82,75,-4.31
"JEFF.ZATKOFF","2013-2014","PIT",9,512.85,241,21,91.29,91.89,-0.6,99.02,91.4,73.91,-1.45
"JEFF.ZATKOFF","2015-2016","PIT",5,243.81,146,15,89.73,91.34,-1.62,95.65,95.83,65.52,-2.36
"JEFF.ZATKOFF","2016-2017","L.A",4,185.3,73,11,84.93,91.48,-6.55,100,88.46,57.89,-4.78
"JEREMY.SMITH","2016-2017","COL",3,179.03,91,12,86.81,89.46,-2.65,96.77,90.24,63.16,-2.41
"JHONAS.ENROTH","2010-2011","BUF",6,298.73,146,13,91.1,92.32,-1.23,98.51,90.91,70.83,-1.79
"JHONAS.ENROTH","2011-2012","BUF",13,771.51,423,29,93.14,92.69,0.46,95.96,93.38,85.14,1.93
"JHONAS.ENROTH","2012-2013","BUF",7,362.87,197,12,93.91,92.69,1.22,94.95,92.31,93.94,2.4
"JHONAS.ENROTH","2013-2014","BUF",14,818.75,419,43,89.74,92.2,-2.47,96.76,87.76,78.16,-10.33
"JHONAS.ENROTH","2014-2015","BUF/DAL",25,1368.07,708,61,91.38,91.53,-0.15,96.36,90.5,83.54,-1.05
"JHONAS.ENROTH","2015-2016","L.A",3,156.76,70,2,97.14,92.14,5,100,90.91,100,3.5
"JHONAS.ENROTH","2016-2017","TOR",2,31.43,20,3,85,86.95,-1.95,100,87.5,75,-0.39
"JIMMY.HOWARD","2007-2008","DET",1,28.7,10,1,90,87.9,2.1,100,100,75,0.21
"JIMMY.HOWARD","2009-2010","DET",32,1898.45,920,73,92.07,92.01,0.06,96.25,92.93,78.95,0.51
"JIMMY.HOWARD","2010-2011","DET",35,2020.01,989,97,90.19,91.44,-1.25,98.4,90.26,73.08,-12.37
"JIMMY.HOWARD","2011-2012","DET",32,1903.75,829,57,93.12,91.46,1.66,99.1,92.69,83.67,13.8
"JIMMY.HOWARD","2012-2013","DET",24,1414.6,648,50,92.28,91.05,1.23,98.92,95,78.11,7.97
"JIMMY.HOWARD","2013-2014","DET",27,1577.88,751,70,90.68,91.7,-1.02,96.95,88.8,81.1,-7.65
"JIMMY.HOWARD","2014-2015","DET",30,1742.71,774,68,91.21,91.43,-0.22,98.18,92.06,76.05,-1.7
"JIMMY.HOWARD","2015-2016","DET",16,858.97,397,35,91.18,91.5,-0.31,98.77,93.88,72.73,-1.24
"JIMMY.HOWARD","2016-2017","DET",15,832.33,391,27,93.09,91.94,1.15,96.89,95.17,82.35,4.51
"JIMMY.HOWARD","2017-2018","DET",20,1124.17,573,50,91.27,90.62,0.66,96.44,92.74,78.07,3.76
"JOCELYN.THIBAULT","2007-2008","BUF",4,159.65,67,12,82.09,87.36,-5.27,100,85,62.5,-3.53
"JOEY.MACDONALD","2007-2008","NYI",1,60.48,47,2,95.74,91.38,4.36,100,93.94,100,2.05
"JOEY.MACDONALD","2008-2009","NYI",21,1179.06,603,64,89.39,90.66,-1.28,97.4,88.93,77.87,-7.7
"JOEY.MACDONALD","2009-2010","TOR",2,120,56,8,85.71,92.5,-6.79,95.45,85.19,57.14,-3.8
"JOEY.MACDONALD","2010-2011","DET",6,241.57,141,15,89.36,90.71,-1.35,96.23,96.77,57.69,-1.9
"JOEY.MACDONALD","2011-2012","DET",8,463.76,188,14,92.55,91.6,0.95,98.7,95.24,79.17,1.79
"JOEY.MACDONALD","2012-2013","CGY",9,477.38,233,28,87.98,91.27,-3.28,97.94,89.29,67.31,-7.65
"JOEY.MACDONALD","2013-2014","CGY",5,270.26,115,15,86.96,90.32,-3.37,100,84.38,67.74,-3.87
"JOHAN.HEDBERG","2007-2008","ATL",15,840.27,427,47,88.99,90.94,-1.95,99.07,88.54,74.24,-8.32
"JOHAN.HEDBERG","2008-2009","ATL",14,696.46,310,36,88.39,90.77,-2.38,97.96,88.96,70.69,-7.39
"JOHAN.HEDBERG","2009-2010","ATL",24,1344.23,686,58,91.55,91.16,0.38,98.11,92.66,76.67,2.62
"JOHAN.HEDBERG","2010-2011","N.J",18,967.09,440,36,91.82,91.77,0.05,97.65,92.51,78.31,0.22
"JOHAN.HEDBERG","2011-2012","N.J",8,459.44,209,16,92.34,92.44,-0.09,98.86,94.12,72.22,-0.19
"JOHAN.HEDBERG","2012-2013","N.J",8,456.54,175,20,88.57,91.98,-3.41,98.48,90.41,66.67,-5.97
"JOHAN.HOLMQVIST","2007-2008","T.B/DAL",25,1345.68,603,65,89.22,92.29,-3.06,96.6,87.46,76.92,-18.48
"JOHN.CURRY","2008-2009","PIT",1,52.14,22,2,90.91,91.55,-0.64,100,75,100,-0.14
"JOHN.CURRY","2013-2014","MIN",2,79.63,57,4,92.98,90.18,2.81,100,94.44,76.92,1.6
"JOHN.CURRY","2014-2015","MIN",1,60,22,3,86.36,91.59,-5.23,88.89,100,66.67,-1.15
"JOHN.GIBSON","2013-2014","ANA",2,121.26,69,4,94.2,90.2,4,94.12,96.88,90,2.76
"JOHN.GIBSON","2014-2015","ANA",10,600.2,288,25,91.32,92.39,-1.07,98.44,89.91,76.47,-3.08
"JOHN.GIBSON","2015-2016","ANA",23,1330.55,574,40,93.03,91.99,1.04,98.64,92.89,83.59,5.99
"JOHN.GIBSON","2016-2017","ANA",26,1550.24,761,50,93.43,90.59,2.84,98.09,97.63,81.37,21.58
"JOHN.GIBSON","2017-2018","ANA",19,1125.65,660,49,92.58,90.34,2.23,98.99,93.86,82.84,14.74
"JOHN.GRAHAME","2007-2008","CAR",5,214.91,99,9,90.91,91.87,-0.96,100,97.62,60,-0.95
"JONAS.GUSTAVSSON","2009-2010","TOR",20,1129.34,543,51,90.61,92.25,-1.64,94.5,90.46,80.95,-8.9
"JONAS.GUSTAVSSON","2010-2011","TOR",10,505.06,256,27,89.45,92.85,-3.4,97.3,88.29,67.65,-8.7
"JONAS.GUSTAVSSON","2011-2012","TOR",20,1066.94,539,48,91.09,91.94,-0.85,96.37,89.78,80.95,-4.57
"JONAS.GUSTAVSSON","2012-2013","DET",1,36.13,12,3,75,95,-20,83.33,60,100,-2.4
"JONAS.GUSTAVSSON","2013-2014","DET",14,753.88,359,34,90.53,91.89,-1.36,98.28,90,73.33,-4.9
"JONAS.GUSTAVSSON","2014-2015","DET",1,64.83,30,0,100,95.93,4.07,100,100,100,1.22
"JONAS.GUSTAVSSON","2015-2016","BOS",10,531.23,282,30,89.36,91.65,-2.29,99.18,87.27,70,-6.46
"JONAS.GUSTAVSSON","2016-2017","EDM",3,92.25,43,2,95.35,90.23,5.12,100,100,83.33,2.2
"JONAS.HILLER","2007-2008","ANA",10,589.98,260,18,93.08,90.36,2.72,98.57,95.74,77.55,7.06
"JONAS.HILLER","2008-2009","ANA",23,1211.07,564,45,92.02,91.04,0.98,98.68,92.99,78.57,5.51
"JONAS.HILLER","2009-2010","ANA",32,1718.03,1001,80,92.01,90.65,1.36,97.38,92.31,84.58,13.59
"JONAS.HILLER","2010-2011","ANA",25,1390.68,735,57,92.24,91.71,0.54,97.45,93.75,78.79,3.96
"JONAS.HILLER","2011-2012","ANA",39,2183.44,1075,98,90.88,90.62,0.27,98.94,92.16,78.06,2.87
"JONAS.HILLER","2012-2013","ANA",12,680.45,301,29,90.37,90.5,-0.13,96.81,92.19,79.75,-0.39
"JONAS.HILLER","2013-2014","ANA",27,1558.87,720,55,92.36,91,1.36,98.8,93.84,80.9,9.81
"JONAS.HILLER","2014-2015","CGY",28,1562.6,668,62,90.72,91.93,-1.22,96.17,92,76.34,-8.12
"JONAS.HILLER","2015-2016","CGY",11,591.68,274,33,87.96,91.08,-3.13,95.61,86.21,78.08,-8.57
"JONATHAN.BERNIER","2007-2008","L.A",4,238.39,118,16,86.44,89.57,-3.13,94.44,88.1,68.75,-3.69
"JONATHAN.BERNIER","2009-2010","L.A",1,60,30,3,90,94.03,-4.03,100,84.62,50,-1.21
"JONATHAN.BERNIER","2010-2011","L.A",10,526.69,228,25,89.04,92.35,-3.31,97.83,85.29,76.47,-7.55
"JONATHAN.BERNIER","2011-2012","L.A",7,415.8,177,18,89.83,92.23,-2.4,97.56,85.71,79.49,-4.24
"JONATHAN.BERNIER","2012-2013","L.A",7,381.18,160,10,93.75,93.06,0.69,98.77,90.74,84,1.11
"JONATHAN.BERNIER","2013-2014","TOR",29,1622.38,909,75,91.75,92.57,-0.82,96.3,93.17,76.13,-7.44
"JONATHAN.BERNIER","2014-2015","TOR",33,1816.73,1031,94,90.88,91.14,-0.25,96.02,89.55,82.67,-2.61
"JONATHAN.BERNIER","2015-2016","TOR",17,938.52,464,46,90.09,92.38,-2.3,95.58,84.29,82.67,-10.65
"JONATHAN.BERNIER","2016-2017","ANA",17,925.54,418,31,92.58,91.14,1.44,99.33,92.59,83.18,6.02
"JONATHAN.BERNIER","2017-2018","COL",10,532.42,269,24,91.08,93.19,-2.11,96.38,90.53,72.22,-5.67
"JONATHAN.QUICK","2007-2008","L.A",1,59.87,17,2,88.24,94,-5.76,100,71.43,100,-0.98
"JONATHAN.QUICK","2008-2009","L.A",18,957.17,434,41,90.55,92.74,-2.18,97.13,88.78,76.36,-9.47
"JONATHAN.QUICK","2009-2010","L.A",38,2291.6,956,98,89.75,91.63,-1.88,96.01,88.86,78.79,-17.98
"JONATHAN.QUICK","2010-2011","L.A",33,1953.76,855,69,91.93,92.43,-0.5,98,90.98,78.12,-4.26
"JONATHAN.QUICK","2011-2012","L.A",34,2070.68,916,59,93.56,92.17,1.39,98.02,94.12,81.98,12.7
"JONATHAN.QUICK","2012-2013","L.A",18,1073.35,385,32,91.69,91.5,0.19,97.58,93.85,77.78,0.72
"JONATHAN.QUICK","2013-2014","L.A",30,1761.75,680,62,90.88,91.63,-0.75,98.89,90.46,77.03,-5.07
"JONATHAN.QUICK","2014-2015","L.A",38,2184.11,943,70,92.58,91.65,0.93,98.44,93.47,80.1,8.78
"JONATHAN.QUICK","2015-2016","L.A",39,2321.67,966,86,91.1,91.32,-0.22,97.05,91.67,80.09,-2.13
"JONATHAN.QUICK","2016-2017","L.A",10,602.16,245,19,92.24,91.11,1.13,98.11,96.2,76.67,2.77
"JONATHAN.QUICK","2017-2018","L.A",15,908.27,482,33,93.15,90.89,2.27,97.25,94.36,83.81,10.92
"JONI.ORTIO","2013-2014","CGY",7,383.92,153,16,89.54,92.19,-2.65,97.01,92.16,71.43,-4.05
"JONI.ORTIO","2015-2016","CGY",13,758.79,345,40,88.41,91.1,-2.7,98.6,87.9,70.51,-9.31
"JOONAS.KORPISALO","2015-2016","CBJ",16,936.72,494,39,92.11,90.93,1.18,98.13,92.26,81.6,5.82
"JOONAS.KORPISALO","2016-2017","CBJ",4,237.56,120,11,90.83,90.36,0.47,100,93.55,71.88,0.57
"JOONAS.KORPISALO","2017-2018","CBJ",6,323.75,174,15,91.38,91.05,0.33,96,88.52,86.84,0.58
"JORDAN.BINNINGTON","2015-2016","STL",1,12.78,4,1,75,92.25,-17.25,100,50,100,-0.69
"JOSE.THEODORE","2007-2008","COL",26,1492.75,689,57,91.73,90.86,0.87,96.62,92.64,80.16,5.98
"JOSE.THEODORE","2008-2009","WSH",27,1593.25,718,70,90.25,91.37,-1.12,94.74,92.12,76.23,-8.04
"JOSE.THEODORE","2009-2010","WSH",23,1258.42,656,65,90.09,91.1,-1.01,98,91.09,72.22,-6.62
"JOSE.THEODORE","2010-2011","MIN",8,446.11,246,27,89.02,92.7,-3.67,99.02,87.5,67.5,-9.04
"JOSE.THEODORE","2011-2012","FLA",29,1681.51,796,60,92.46,92.05,0.41,97,93.38,80.14,3.25
"JOSE.THEODORE","2012-2013","FLA",9,469.83,247,23,90.69,92.41,-1.72,94.95,92.16,78.26,-4.25
"JOSH.HARDING","2007-2008","MIN",8,457.43,214,22,89.72,93.4,-3.68,98.96,87.25,50,-7.88
"JOSH.HARDING","2008-2009","MIN",5,161.48,58,4,93.1,93.14,-0.03,100,89.29,80,-0.02
"JOSH.HARDING","2009-2010","MIN",8,354.99,185,12,93.51,92.72,0.79,98.75,93.59,77.78,1.46
"JOSH.HARDING","2011-2012","MIN",17,1005.07,496,34,93.15,92.2,0.94,100,93.79,75.27,4.67
"JOSH.HARDING","2012-2013","MIN",4,127.74,46,5,89.13,94.65,-5.52,95.83,89.47,33.33,-2.54
"JOSH.HARDING","2013-2014","MIN",17,991.61,392,26,93.37,93.5,-0.14,98.16,89.74,82.76,-0.53
"J-SEBASTIEN.AUBIN","2007-2008","L.A",11,524.97,222,29,86.94,91.1,-4.16,98.11,88.46,66.67,-9.24
"JUSSI.RYNNAS","2011-2012","TOR",2,98.9,40,7,82.5,89.83,-7.33,100,91.67,45.45,-2.93
"JUSSI.RYNNAS","2014-2015","DAL",1,32.44,15,2,86.67,84.27,2.4,100,100,71.43,0.36
"JUSTIN.PETERS","2009-2010","CAR",5,271.35,127,16,87.4,89.88,-2.48,100,96.36,61.11,-3.15
"JUSTIN.PETERS","2010-2011","CAR",3,154.73,79,10,87.34,90.95,-3.61,100,83.78,80,-2.85
"JUSTIN.PETERS","2011-2012","CAR",4,249.66,135,6,95.56,93.01,2.55,98.28,92.73,95.45,3.44
"JUSTIN.PETERS","2012-2013","CAR",9,408.98,224,24,89.29,89.96,-0.67,98.57,89.66,79.1,-1.5
"JUSTIN.PETERS","2013-2014","CAR",10,564.93,263,23,91.25,91.23,0.02,98.97,93.94,76.12,0.06
"JUSTIN.PETERS","2014-2015","WSH",7,369.3,157,17,89.17,90.77,-1.6,100,85.96,79.07,-2.51
"JUSTIN.POGGE","2008-2009","TOR",3,157.42,84,13,84.52,92.44,-7.92,96.97,79.49,66.67,-6.65
"JUUSE.SAROS","2015-2016","NSH",1,58.02,23,3,86.96,89.52,-2.57,100,100,50,-0.59
"JUUSE.SAROS","2016-2017","NSH",9,487.97,257,21,91.83,92.05,-0.22,100,94.74,63.41,-0.57
"JUUSE.SAROS","2017-2018","NSH",3,173.52,78,6,92.31,90.53,1.78,100,89.19,88.89,1.39
"KARI.LEHTONEN","2007-2008","ATL",27,1526.18,837,70,91.64,91.54,0.09,97.05,92.78,77.52,0.78
"KARI.LEHTONEN","2008-2009","ATL",25,1365.97,772,73,90.54,90.94,-0.4,97.2,92.94,74.15,-3.09
"KARI.LEHTONEN","2009-2010","DAL",6,301.25,155,15,90.32,91.48,-1.16,100,88,76.92,-1.8
"KARI.LEHTONEN","2010-2011","DAL",38,2246.67,1068,90,91.57,91.71,-0.14,98.32,93.42,74.29,-1.51
"KARI.LEHTONEN","2011-2012","DAL",32,1948.49,902,79,91.24,92.08,-0.84,97.53,90.68,78.49,-7.55
"KARI.LEHTONEN","2012-2013","DAL",19,1013.39,549,50,90.89,90.3,0.59,98.2,93.26,77.18,3.26
"KARI.LEHTONEN","2013-2014","DAL",34,1993.44,931,69,92.59,90.84,1.75,97.44,93.59,83.9,16.26
"KARI.LEHTONEN","2014-2015","DAL",36,2005.6,991,101,89.81,91.05,-1.25,97.78,90.57,74.89,-12.35
"KARI.LEHTONEN","2015-2016","DAL",22,1146.76,529,53,89.98,91.16,-1.18,97,90.69,77.6,-6.25
"KARI.LEHTONEN","2016-2017","DAL",26,1426.03,713,68,90.46,90.67,-0.21,96.84,93.12,76.8,-1.49
"KARI.LEHTONEN","2017-2018","DAL",4,131.27,68,8,88.24,89.94,-1.71,94.44,88.89,78.57,-1.16
"KARRI.RAMO","2007-2008","T.B",14,783.54,376,37,90.16,92.44,-2.28,97.24,89.33,73.58,-8.57
"KARRI.RAMO","2008-2009","T.B",13,703.22,423,44,89.6,91.26,-1.66,98.44,90.48,68.75,-7.01
"KARRI.RAMO","2013-2014","CGY",18,945.83,474,40,91.56,91.44,0.12,97.98,90.42,81.65,0.59
"KARRI.RAMO","2014-2015","CGY",17,885.97,409,41,89.98,91.51,-1.53,97.4,92.86,71.26,-6.27
"KARRI.RAMO","2015-2016","CGY",19,1109.2,501,45,91.02,91.01,0.01,96.74,93.41,77.31,0.04
"KEITH.KINKAID","2012-2013","N.J",1,25.75,13,1,92.31,91.62,0.69,100,100,66.67,0.09
"KEITH.KINKAID","2014-2015","N.J",8,450.32,214,15,92.99,92.22,0.77,97.78,95.24,77.5,1.65
"KEITH.KINKAID","2015-2016","N.J",9,539.18,246,22,91.06,92.35,-1.3,98.98,87.88,81.63,-3.19
"KEITH.KINKAID","2016-2017","N.J",11,590.57,258,29,88.76,90.9,-2.14,98.86,91.51,70.31,-5.52
"KEITH.KINKAID","2017-2018","N.J",2,124.77,60,7,88.33,89.9,-1.57,94.12,96.15,70.59,-0.94
"KEVIN.POULIN","2010-2011","NYI",4,214.39,120,13,89.17,90.59,-1.43,100,85.71,80,-1.71
"KEVIN.POULIN","2011-2012","NYI",4,177.67,102,11,89.22,89.37,-0.16,94.44,90.62,82.35,-0.16
"KEVIN.POULIN","2012-2013","NYI",3,179.4,81,10,87.65,89.7,-2.05,96,90.32,76,-1.66
"KEVIN.POULIN","2013-2014","NYI",11,638,310,36,88.39,90.48,-2.09,97.85,90.84,74.42,-6.49
"KEVIN.WEEKES","2007-2008","N.J",2,18.9,7,0,100,87.29,12.71,100,100,100,0.89
"KEVIN.WEEKES","2008-2009","N.J",9,413.73,200,20,90,91.25,-1.25,94.67,91.95,76.32,-2.5
"KRISTERS.GUDLEVSKIS","2013-2014","T.B",1,59.79,38,2,94.74,93.84,0.89,100,94.12,75,0.34
"LAURENT.BROSSOIT","2014-2015","EDM",1,59.6,51,2,96.08,88.55,7.53,100,100,88.89,3.84
"LAURENT.BROSSOIT","2015-2016","EDM",3,181.5,83,7,91.57,90.43,1.13,93.1,94.44,83.33,0.94
"LAURENT.BROSSOIT","2016-2017","EDM",4,167.27,63,5,92.06,90.37,1.7,100,87.5,89.47,1.07
"LAURENT.BROSSOIT","2017-2018","EDM",5,254.83,120,19,84.17,88.56,-4.39,97.67,75,78.38,-5.27
"LELAND.IRVING","2012-2013","CGY",3,129.12,62,7,88.71,89.21,-0.5,100,100,63.16,-0.31
"LINUS.ULLMARK","2015-2016","BUF",12,638.1,293,28,90.44,92.31,-1.86,99.32,91.01,66.07,-5.46
"LOUIS.DOMINGUE","2014-2015","ARI",2,121.05,68,6,91.18,89.84,1.34,96.15,100,77.27,0.91
"LOUIS.DOMINGUE","2015-2016","ARI",24,1324.7,666,55,91.74,92.54,-0.8,97.08,92.38,78.52,-5.32
"LOUIS.DOMINGUE","2016-2017","ARI",12,697.25,380,25,93.42,92.54,0.88,95.48,94.78,85.51,3.35
"LOUIS.DOMINGUE","2017-2018","ARI",3,158.32,80,12,85,91.77,-6.77,95,88,53.33,-5.42
"MAGNUS.HELLBERG","2013-2014","NSH",1,12.2,4,1,75,95.25,-20.25,100,50,NA,-0.81
"MAGNUS.HELLBERG","2015-2016","NYR",1,20,6,2,66.67,88.33,-21.67,100,100,0,-1.3
"MAGNUS.HELLBERG","2016-2017","NYR",2,78.52,28,2,92.86,91.14,1.71,100,100,71.43,0.48
"MALCOLM.SUBBAN","2016-2017","BOS",1,30.6,16,3,81.25,93.38,-12.12,100,83.33,33.33,-1.94
"MALCOLM.SUBBAN","2017-2018","VGK",9,500.78,230,19,91.74,91.12,0.62,97.7,94,74.42,1.42
"MANNY.FERNANDEZ","2007-2008","BOS",1,45.01,15,0,100,92.4,7.6,100,100,100,1.14
"MANNY.FERNANDEZ","2008-2009","BOS",15,860,412,33,91.99,90.96,1.03,97.42,91.91,82.14,4.23
"MANNY.LEGACE","2007-2008","STL",38,2140.49,901,76,91.56,91.66,-0.09,97.37,92.26,78.47,-0.84
"MANNY.LEGACE","2008-2009","STL",17,965.15,417,45,89.21,92.09,-2.88,98.06,88.63,64.71,-12.02
"MANNY.LEGACE","2009-2010","CAR",14,807.19,397,41,89.67,91.27,-1.6,97.86,89.08,77.11,-6.34
"MARC-ANDRE.FLEURY","2007-2008","PIT",19,1081.5,501,40,92.02,92.53,-0.52,98.43,91.25,77.14,-2.6
"MARC-ANDRE.FLEURY","2008-2009","PIT",34,1976.41,971,79,91.86,92.41,-0.55,97.42,91.95,77.03,-5.32
"MARC-ANDRE.FLEURY","2009-2010","PIT",33,1857.64,822,77,90.63,91.87,-1.24,96.46,91.34,77.12,-10.21
"MARC-ANDRE.FLEURY","2010-2011","PIT",36,2045.26,969,74,92.36,92.13,0.24,98.95,93.67,76.68,2.3
"MARC-ANDRE.FLEURY","2011-2012","PIT",36,2110.39,981,83,91.54,92.08,-0.54,98.75,94.07,73.21,-5.27
"MARC-ANDRE.FLEURY","2012-2013","PIT",18,1021.91,461,36,92.19,92.95,-0.76,99.5,92.27,74.07,-3.5
"MARC-ANDRE.FLEURY","2013-2014","PIT",34,1965.37,952,72,92.44,92.32,0.12,98.31,92.63,78.92,1.12
"MARC-ANDRE.FLEURY","2014-2015","PIT",36,2111.15,1044,85,91.86,91.59,0.27,98.14,92.68,79.59,2.85
"MARC-ANDRE.FLEURY","2015-2016","PIT",31,1859.31,902,71,92.13,92.12,0.01,97.78,92.33,81.05,0.12
"MARC-ANDRE.FLEURY","2016-2017","PIT",20,1119.61,652,47,92.79,90.42,2.37,99.58,92.48,84.57,15.45
"MARC-ANDRE.FLEURY","2017-2018","VGK",7,399.6,203,14,93.1,92.69,0.41,97,93.06,80.65,0.83
"MARC.DENIS","2007-2008","T.B",1,46.08,25,4,84,89.72,-5.72,100,57.14,87.5,-1.43
"MAREK.LANGHAMER","2016-2017","ARI",1,15.52,8,1,87.5,92.25,-4.75,75,100,100,-0.38
"MAREK.LANGHAMER","2017-2018","ARI",1,28.88,10,0,100,92,8,100,100,100,0.8
"MAREK.MAZANEC","2013-2014","NSH",15,810.88,384,40,89.58,92.31,-2.72,99.39,88.67,68.12,-10.46
"MAREK.SCHWARZ","2008-2009","STL",2,15.39,5,0,100,95.4,4.6,100,100,NA,0.23
"MARK.DEKANICH","2010-2011","NSH",1,49.98,25,3,88,91.04,-3.04,100,93.33,33.33,-0.76
"MARK.VISENTIN","2013-2014","ARI",1,58.81,32,3,90.62,93.28,-2.66,94.12,90.91,75,-0.85
"MARTIN.BIRON","2007-2008","PHI",34,1873.07,938,77,91.79,91.94,-0.15,97.84,91.76,74.62,-1.41
"MARTIN.BIRON","2008-2009","PHI",32,1829.03,950,83,91.26,91.52,-0.26,98.78,91.67,72.73,-2.46
"MARTIN.BIRON","2009-2010","NYI",15,849.27,423,33,92.2,90.69,1.51,97.69,91.08,86.25,6.38
"MARTIN.BIRON","2010-2011","NYR",8,445.76,196,17,91.33,89.98,1.34,96.15,95.7,78.43,2.63
"MARTIN.BIRON","2011-2012","NYR",8,483.42,196,20,89.8,88.97,0.83,95.74,94.74,80.82,1.62
"MARTIN.BIRON","2012-2013","NYR",2,95.7,51,4,92.16,90.33,1.82,100,94.74,82.35,0.93
"MARTIN.BRODEUR","2007-2008","N.J",41,2398.4,1036,87,91.6,91.2,0.4,96.81,93.58,78.37,4.15
"MARTIN.BRODEUR","2008-2009","N.J",16,909.37,428,30,92.99,91.71,1.28,97.04,93.64,83.72,5.47
"MARTIN.BRODEUR","2009-2010","N.J",40,2349.87,979,84,91.42,92.43,-1.01,94.79,91.36,81.82,-9.86
"MARTIN.BRODEUR","2010-2011","N.J",25,1457.47,571,59,89.67,91.46,-1.8,98.04,89.75,75.61,-10.25
"MARTIN.BRODEUR","2011-2012","N.J",35,2041.58,859,82,90.45,91.66,-1.21,97.49,93.53,72.25,-10.38
"MARTIN.BRODEUR","2012-2013","N.J",16,956.3,355,35,90.14,91.15,-1.01,98.01,90.08,75.9,-3.57
"MARTIN.BRODEUR","2013-2014","N.J",22,1278.25,528,51,90.34,91.86,-1.52,95.59,92.63,75.7,-8.02
"MARTIN.BRODEUR","2014-2015","STL",2,120,50,2,96,93.56,2.44,100,90.91,100,1.22
"MARTIN.GERBER","2007-2008","OTT",28,1571.02,796,75,90.58,90.71,-0.13,96.92,92.11,76.82,-1.06
"MARTIN.GERBER","2008-2009","OTT/TOR",15,902.39,449,49,89.09,92,-2.91,96.79,88.34,74.29,-13.06
"MARTIN.GERBER","2010-2011","EDM",2,125,72,3,95.83,91.32,4.51,100,100,80,3.25
"MARTIN.JONES","2013-2014","L.A",7,402.48,155,10,93.55,92.03,1.52,98.28,90.16,91.67,2.36
"MARTIN.JONES","2014-2015","L.A",6,294.88,108,10,90.74,91.5,-0.76,95.12,88.1,88,-0.82
"MARTIN.JONES","2015-2016","S.J",33,1878.49,799,73,90.86,90.9,-0.04,98.74,88.63,80.87,-0.3
"MARTIN.JONES","2016-2017","S.J",32,1884.93,804,68,91.54,91.16,0.38,97.37,94.39,76.54,3.04
"MARTIN.JONES","2017-2018","S.J",15,867.97,407,34,91.65,90.45,1.19,97.33,92.86,81.55,4.85
"MARTY.TURCO","2007-2008","DAL",32,1860.77,744,67,90.99,91.91,-0.92,96.59,90.37,79.25,-6.82
"MARTY.TURCO","2008-2009","DAL",38,2268.09,991,103,89.61,91.59,-1.98,96.4,89.85,75.14,-19.61
"MARTY.TURCO","2009-2010","DAL",27,1574.9,788,64,91.88,92.25,-0.37,97.04,92.38,76.23,-2.94
"MARTY.TURCO","2010-2011","CHI",12,684.04,320,30,90.62,91.49,-0.87,97.12,93.75,69.64,-2.78
"MARTY.TURCO","2011-2012","BOS",1,59.2,27,5,81.48,90.63,-9.15,100,88.89,33.33,-2.47
"MATHIEU.GARON","2007-2008","EDM",25,1436.67,736,59,91.98,91.87,0.11,97.25,92.29,75.32,0.82
"MATHIEU.GARON","2008-2009","EDM/PIT",10,537.98,252,22,91.27,91.14,0.13,100,94.03,67.44,0.33
"MATHIEU.GARON","2009-2010","CBJ",13,674.76,314,25,92.04,92.41,-0.38,98.43,91.37,77.08,-1.18
"MATHIEU.GARON","2010-2011","CBJ",16,866.52,390,42,89.23,92.33,-3.09,96.88,88.08,75.95,-12.07
"MATHIEU.GARON","2011-2012","T.B",23,1217.84,536,49,90.86,92.56,-1.7,97.47,90.59,75.26,-9.13
"MATHIEU.GARON","2012-2013","T.B",7,425.11,176,17,90.34,93.28,-2.94,96.55,86.57,77.27,-5.18
"MATT.CLIMIE","2008-2009","DAL",1,60.27,26,4,84.62,91.65,-7.04,91.67,80,75,-1.83
"MATT.CLIMIE","2009-2010","DAL",1,60,38,5,86.84,90.58,-3.74,100,85.71,75,-1.42
"MATT.HACKETT","2011-2012","MIN",4,215.97,109,11,89.91,92.71,-2.8,98.11,86.11,75,-3.05
"MATT.HACKETT","2013-2014","BUF",2,120.88,69,7,89.86,93.45,-3.59,100,86.21,70,-2.48
"MATT.HACKETT","2014-2015","BUF",1,60.11,42,4,90.48,93.93,-3.45,95,89.47,66.67,-1.45
"MATTHEW.MURRAY","2015-2016","PIT",6,369.02,179,14,92.18,91.65,0.53,98.55,92.54,81.4,0.94
"MATTHEW.MURRAY","2016-2017","PIT",24,1365.51,754,57,92.44,90.75,1.69,98.92,94.91,80.1,12.74
"MATTHEW.MURRAY","2017-2018","PIT",14,789.33,431,36,91.65,90.53,1.12,98.01,95.09,78.63,4.82
"MAXIME.LAGACE","2017-2018","VGK",3,159.65,81,8,90.12,92.36,-2.23,95.65,90,75,-1.81
"MICHAEL.HUTCHINSON","2013-2014","WPG",2,123.03,50,2,96,89.06,6.94,100,100,87.5,3.47
"MICHAEL.HUTCHINSON","2014-2015","WPG",19,1060.44,468,37,92.09,90.63,1.46,97.08,93.37,82.76,6.85
"MICHAEL.HUTCHINSON","2015-2016","WPG",9,477.26,240,21,91.25,89.9,1.35,100,95.56,75,3.23
"MICHAEL.HUTCHINSON","2016-2017","WPG",13,550.35,270,29,89.26,90.94,-1.69,96.84,94.78,66.67,-4.55
"MICHAEL.LEIGHTON","2008-2009","CAR",9,463.59,221,23,89.59,90.82,-1.23,100,90.38,71.11,-2.72
"MICHAEL.LEIGHTON","2009-2010","CAR/PHI",12,651.35,330,27,91.82,91.12,0.69,98.33,92.52,77.78,2.29
"MICHAEL.LEIGHTON","2015-2016","CHI",1,39.48,17,1,94.12,86.71,7.41,87.5,100,100,1.26
"MICHAEL.LEIGHTON","2016-2017","CAR",2,94.59,49,5,89.8,91.37,-1.57,94.74,100,63.64,-0.77
"MICHAL.NEUVIRTH","2008-2009","WSH",4,160.02,70,10,85.71,91.96,-6.24,95.45,86.84,60,-4.37
"MICHAL.NEUVIRTH","2009-2010","WSH",8,478.14,254,14,94.49,92.28,2.2,100,93.65,84.21,5.6
"MICHAL.NEUVIRTH","2010-2011","WSH",23,1350.39,648,59,90.9,91.72,-0.83,96.75,91.25,76.19,-5.36
"MICHAL.NEUVIRTH","2011-2012","WSH",17,940.16,452,41,90.93,91.88,-0.95,98.44,92.35,72.22,-4.28
"MICHAL.NEUVIRTH","2012-2013","WSH",6,327.75,149,14,90.6,89.96,0.64,96.49,100,72.73,0.96
"MICHAL.NEUVIRTH","2013-2014","WSH",7,413.58,212,19,91.04,91.37,-0.33,97.53,92.05,76.74,-0.71
"MICHAL.NEUVIRTH","2014-2015","BUF/NYI",16,920.97,531,39,92.66,92.03,0.62,99.11,93.6,76.7,3.3
"MICHAL.NEUVIRTH","2015-2016","PHI",14,830.39,416,30,92.79,90.65,2.13,99.42,95.86,76.77,8.88
"MICHAL.NEUVIRTH","2016-2017","PHI",14,648.14,275,24,91.27,91.93,-0.66,97.3,93.46,75.44,-1.81
"MICHAL.NEUVIRTH","2017-2018","PHI",6,295.17,159,14,91.19,90.72,0.47,95.95,96.15,72.73,0.75
"MIIKKA.KIPRUSOFF","2007-2008","CGY",41,2456.87,1119,96,91.42,91.85,-0.43,98.07,91.6,76.88,-4.82
"MIIKKA.KIPRUSOFF","2008-2009","CGY",39,2328.33,1064,99,90.7,91.64,-0.95,98.12,91.6,73.96,-10.09
"MIIKKA.KIPRUSOFF","2009-2010","CGY",38,2224.86,1017,80,92.13,91.91,0.23,97.32,92.52,79.14,2.31
"MIIKKA.KIPRUSOFF","2010-2011","CGY",37,2231.53,1011,92,90.9,92.4,-1.5,97.21,90.72,72.73,-15.17
"MIIKKA.KIPRUSOFF","2011-2012","CGY",39,2318.82,1152,90,92.19,91.51,0.68,97.83,92.82,79.25,7.8
"MIIKKA.KIPRUSOFF","2012-2013","CGY",13,762.88,362,39,89.23,91.15,-1.92,96.77,90.48,72.84,-6.96
"MIKAEL.TELLQVIST","2007-2008","ARI",11,621.99,291,34,88.32,91.75,-3.43,96.33,91.2,66.67,-9.99
"MIKAEL.TELLQVIST","2008-2009","ARI/BUF",15,755.88,381,32,91.6,92.27,-0.67,98.14,92.9,72.31,-2.54
"MIKE.BRODEUR","2009-2010","OTT",1,60,23,1,95.65,93.52,2.13,100,90,100,0.49
"MIKE.BRODEUR","2010-2011","OTT",2,69.38,29,6,79.31,90.24,-10.93,87.5,78.57,71.43,-3.17
"MIKE.CONDON","2015-2016","MTL",30,1727.12,778,73,90.62,91.78,-1.16,98.34,89.6,75.3,-9.01
"MIKE.CONDON","2016-2017","OTT",20,1219.92,589,45,92.36,92,0.36,96.23,93.55,80.37,2.14
"MIKE.CONDON","2017-2018","OTT",6,296.67,154,19,87.66,90.27,-2.6,96.88,88.89,69.44,-4.01
"MIKE.MCKENNA","2008-2009","T.B",7,352.15,167,18,89.22,92.57,-3.35,94.23,89.36,76.19,-5.6
"MIKE.MCKENNA","2010-2011","N.J",1,58.36,29,3,89.66,90.28,-0.62,100,93.33,50,-0.18
"MIKE.MCKENNA","2013-2014","CBJ",2,119.04,63,7,88.89,93.37,-4.48,100,85,66.67,-2.82
"MIKE.SMITH","2007-2008","DAL/T.B",16,880.72,352,28,92.05,92.43,-0.38,97.54,90.37,83.72,-1.34
"MIKE.SMITH","2008-2009","T.B",21,1277.83,671,53,92.1,92.35,-0.25,97.64,92.64,74.73,-1.67
"MIKE.SMITH","2009-2010","T.B",19,984.17,493,40,91.89,91.73,0.16,98.8,92.21,76.83,0.78
"MIKE.SMITH","2010-2011","T.B",7,376.98,154,16,89.61,93.85,-4.24,98.57,88.57,50,-6.53
"MIKE.SMITH","2011-2012","ARI",35,2062.52,1099,72,93.45,92.24,1.2,98.75,92.41,83.93,13.24
"MIKE.SMITH","2012-2013","ARI",17,920.05,418,43,89.71,92.47,-2.76,96.32,89.04,75.61,-11.52
"MIKE.SMITH","2013-2014","ARI",32,1845.82,905,76,91.6,92.44,-0.83,97.83,89.78,80.34,-7.54
"MIKE.SMITH","2014-2015","ARI",32,1865.63,1012,94,90.71,91.84,-1.12,98.06,92.12,75.32,-11.38
"MIKE.SMITH","2015-2016","ARI",13,660.21,344,24,93.02,92.97,0.05,98.58,92.41,81.03,0.17
"MIKE.SMITH","2016-2017","ARI",30,1765.71,1000,83,91.7,91.75,-0.05,98.08,93.94,76.02,-0.47
"MIKE.SMITH","2017-2018","CGY",22,1240.92,626,61,90.26,91.31,-1.06,96.32,91.52,75.38,-6.63
"MIKKO.KOSKINEN","2010-2011","NYI",2,118.58,64,8,87.5,88.94,-1.44,94.12,88.46,80.95,-0.92
"NATHAN.LAWSON","2010-2011","NYI",3,117.92,72,12,83.33,87.01,-3.68,94.74,96.3,61.54,-2.65
"NATHAN.LAWSON","2013-2014","OTT",1,11.87,10,2,80,90.9,-10.9,100,100,0,-1.09
"NATHAN.LIEUWEN","2013-2014","BUF",2,86.7,45,2,95.56,90.91,4.64,100,92.31,90,2.09
"NIKLAS.BACKSTROM","2007-2008","MIN",31,1841.13,844,62,92.65,92.47,0.19,97.95,93.73,70.87,1.58
"NIKLAS.BACKSTROM","2008-2009","MIN",39,2302.13,1084,86,92.07,93.16,-1.09,98.18,90.99,71.54,-11.86
"NIKLAS.BACKSTROM","2009-2010","MIN",35,2041.26,879,95,89.19,93.18,-3.99,96.49,87.23,68.27,-35.04
"NIKLAS.BACKSTROM","2010-2011","MIN",32,1908.82,920,78,91.52,92.49,-0.97,97.35,91.4,75.74,-8.89
"NIKLAS.BACKSTROM","2011-2012","MIN",22,1247.57,568,55,90.32,92.62,-2.3,99.28,90.05,65.31,-13.07
"NIKLAS.BACKSTROM","2012-2013","MIN",22,1253.4,531,47,91.15,92.66,-1.51,98.87,89.77,70.79,-8.03
"NIKLAS.BACKSTROM","2013-2014","MIN",9,459.76,178,20,88.76,92.96,-4.19,94.25,88.41,68.18,-7.46
"NIKLAS.BACKSTROM","2014-2015","MIN",10,501.27,209,22,89.47,92.32,-2.84,95.05,89.71,75,-5.94
"NIKLAS.SVEDBERG","2013-2014","BOS",1,60.83,35,2,94.29,93.71,0.57,100,100,66.67,0.2
"NIKLAS.SVEDBERG","2014-2015","BOS",7,363.26,173,14,91.91,92.33,-0.42,98.73,88.52,81.82,-0.73
"NIKLAS.TREUTLE","2015-2016","ARI",2,49.7,20,5,75,90.4,-15.4,100,50,60,-3.08
"NIKOLAI.KHABIBULIN","2007-2008","CHI",27,1521.61,699,64,90.84,90.81,0.03,99.04,90.06,81.21,0.22
"NIKOLAI.KHABIBULIN","2008-2009","CHI",23,1338.09,594,49,91.75,91.01,0.74,98.27,93.79,76.52,4.4
"NIKOLAI.KHABIBULIN","2009-2010","EDM",10,610.55,338,31,90.83,91.51,-0.69,95.45,91.76,79.31,-2.32
"NIKOLAI.KHABIBULIN","2010-2011","EDM",25,1436.81,724,67,90.75,90.6,0.15,99.42,90.66,80.69,1.07
"NIKOLAI.KHABIBULIN","2011-2012","EDM",22,1196.65,560,50,91.07,90.49,0.58,95.79,92.79,82.43,3.25
"NIKOLAI.KHABIBULIN","2012-2013","EDM",7,384.87,202,19,90.59,91.15,-0.55,98.36,89.66,83.33,-1.12
"NIKOLAI.KHABIBULIN","2013-2014","CHI",2,91.24,41,6,85.37,89.76,-4.39,95.24,75,75,-1.8
"OLAF.KOLZIG","2007-2008","WSH",30,1736.54,737,81,89.01,91.05,-2.04,97.63,92.39,65.15,-15.04
"OLAF.KOLZIG","2008-2009","T.B",3,150.88,103,13,87.38,91.76,-4.38,94.44,86,76.47,-4.51
"ONDREJ.PAVELEC","2007-2008","ATL",2,120.21,71,6,91.55,90.87,0.68,100,97.37,64.29,0.48
"ONDREJ.PAVELEC","2008-2009","ATL",8,401.28,199,25,87.44,90.02,-2.58,98.21,90.91,65.91,-5.14
"ONDREJ.PAVELEC","2009-2010","ATL",20,1124.67,625,59,90.56,90.5,0.06,96.61,91.77,79.55,0.4
"ONDREJ.PAVELEC","2010-2011","ATL",29,1642.18,846,64,92.43,91.03,1.4,98.21,94.43,78.36,11.87
"ONDREJ.PAVELEC","2011-2012","WPG",36,2090.31,1037,86,91.71,90.95,0.76,99.5,91.44,79.92,7.88
"ONDREJ.PAVELEC","2012-2013","WPG",23,1314.7,592,55,90.71,90.89,-0.18,97.38,92.04,77.37,-1.04
"ONDREJ.PAVELEC","2013-2014","WPG",32,1777.38,868,98,88.71,90.12,-1.41,96.77,91.61,75,-12.28
"ONDREJ.PAVELEC","2014-2015","WPG",24,1399.7,647,60,90.73,90.41,0.31,98.65,93.36,76.19,2.02
"ONDREJ.PAVELEC","2015-2016","WPG",18,1049.65,525,44,91.62,90.28,1.34,98.46,92.31,80.74,7.02
"ONDREJ.PAVELEC","2016-2017","WPG",5,261.56,137,16,88.32,91.65,-3.33,98.15,87.04,72.41,-4.56
"ONDREJ.PAVELEC","2017-2018","NYR",5,289.58,144,8,94.44,91.31,3.13,100,93.1,86.21,4.51
"OSCAR.DANSK","2017-2018","VGK",3,133.77,74,3,95.95,91.36,4.58,95.65,100,87.5,3.39
"PASCAL.LECLAIRE","2007-2008","CBJ",30,1671.49,752,62,91.76,92.46,-0.7,98.61,91.67,75,-5.29
"PASCAL.LECLAIRE","2008-2009","CBJ",4,233.58,103,15,85.44,90.84,-5.41,96.97,82.22,76,-5.57
"PASCAL.LECLAIRE","2009-2010","OTT",19,1050.86,466,46,90.13,91.27,-1.14,97.52,92.34,69.88,-5.31
"PASCAL.LECLAIRE","2010-2011","OTT",7,359.44,192,18,90.62,90.68,-0.05,100,88.64,78.38,-0.1
"PATRICK.LALIME","2007-2008","CHI",14,797.46,324,29,91.05,91.23,-0.18,96.91,90.57,83.82,-0.58
"PATRICK.LALIME","2008-2009","BUF",11,586.11,303,32,89.44,92.06,-2.62,97.62,90.62,65.31,-7.93
"PATRICK.LALIME","2009-2010","BUF",7,388.81,197,12,93.91,92.05,1.86,97.37,93.48,86.21,3.66
"PATRICK.LALIME","2010-2011","BUF",4,206.75,85,8,90.59,92.02,-1.44,97.06,90.62,78.95,-1.22
"PEKKA.RINNE","2008-2009","NSH",28,1650.91,790,57,92.78,91.5,1.28,99.59,93.24,78.46,10.15
"PEKKA.RINNE","2009-2010","NSH",38,2177.77,1063,84,92.1,92.05,0.05,99.19,92.8,72.37,0.48
"PEKKA.RINNE","2010-2011","NSH",34,2041.82,1032,69,93.31,91.96,1.36,98.1,93.91,81.29,14.02
"PEKKA.RINNE","2011-2012","NSH",39,2268.64,1157,88,92.39,92.66,-0.27,98.66,93.56,73.23,-3.13
"PEKKA.RINNE","2012-2013","NSH",23,1360.16,596,44,92.62,92.69,-0.08,98.87,93.16,74.23,-0.45
"PEKKA.RINNE","2013-2014","NSH",12,726.49,316,31,90.19,93.22,-3.03,97.32,87.18,76,-9.58
"PEKKA.RINNE","2014-2015","NSH",37,2230.9,994,79,92.05,92.47,-0.42,97.99,93.15,75.27,-4.15
"PEKKA.RINNE","2015-2016","NSH",37,2174.86,947,83,91.24,92.35,-1.11,97.74,92.47,72.09,-10.53
"PEKKA.RINNE","2016-2017","NSH",34,1968.39,906,74,91.83,91.98,-0.15,98.09,91.18,79.39,-1.32
"PEKKA.RINNE","2017-2018","NSH",16,926.85,493,46,90.67,90.37,0.3,98.06,88.68,81.25,1.48
"PETER.BUDAJ","2007-2008","COL",18,985.48,425,40,90.59,91.34,-0.75,96,93.89,70.42,-3.18
"PETER.BUDAJ","2008-2009","COL",28,1559.52,763,68,91.09,92.13,-1.04,98.35,90.25,72.28,-7.97
"PETER.BUDAJ","2009-2010","COL",6,278.65,139,12,91.37,91.88,-0.51,100,91.23,73.08,-0.71
"PETER.BUDAJ","2010-2011","COL",23,1171.1,610,57,90.66,91.99,-1.33,97.42,90.6,73.33,-8.11
"PETER.BUDAJ","2011-2012","MTL",6,363.77,168,11,93.45,92.75,0.7,97.53,96.67,74.07,1.18
"PETER.BUDAJ","2012-2013","MTL",4,199.5,76,3,96.05,95.16,0.89,100,88.46,100,0.68
"PETER.BUDAJ","2013-2014","MTL",6,310.02,134,14,89.55,92.09,-2.54,98.36,97.37,65.71,-3.4
"PETER.BUDAJ","2016-2017","L.A/T.B",28,1529.17,602,59,90.2,92.17,-1.97,98.07,87.83,76.99,-11.86
"PETER.BUDAJ","2017-2018","T.B",3,165.4,84,10,88.1,91.38,-3.29,100,88.89,66.67,-2.76
"PETER.MANNINO","2010-2011","ATL",1,38.44,16,1,93.75,91.25,2.5,100,88.89,100,0.4
"PETER.MANNINO","2011-2012","WPG",1,19.85,4,0,100,94.75,5.25,100,NA,100,0.21
"PETR.MRAZEK","2013-2014","DET",4,190.08,78,8,89.74,89.81,-0.06,96,87.1,86.36,-0.05
"PETR.MRAZEK","2014-2015","DET",12,642.43,295,23,92.2,90.88,1.32,96.64,91.96,84.38,3.89
"PETR.MRAZEK","2015-2016","DET",28,1609.28,736,60,91.85,91.03,0.81,98.56,90.81,82.95,5.99
"PETR.MRAZEK","2016-2017","DET",24,1391.03,681,68,90.01,91.11,-1.09,98.52,86.78,81.42,-7.45
"PETR.MRAZEK","2017-2018","DET",4,153.07,86,11,87.21,89.93,-2.72,93.94,100,66.67,-2.34
"PHILIPP.GRUBAUER","2013-2014","WSH",8,447.79,233,17,92.7,92.67,0.03,98.99,92.47,78.05,0.08
"PHILIPP.GRUBAUER","2014-2015","WSH",1,65,25,2,92,94,-2,100,77.78,100,-0.5
"PHILIPP.GRUBAUER","2015-2016","WSH",11,567.05,264,21,92.05,92.05,0,98.17,87.62,88,0
"PHILIPP.GRUBAUER","2016-2017","WSH",7,332.09,146,4,97.26,92.79,4.47,100,98.33,87.5,6.52
"PHILIPP.GRUBAUER","2017-2018","WSH",3,177.35,73,5,93.15,88.48,4.67,100,96,83.33,3.41
"RAY.EMERY","2007-2008","OTT",15,840.68,382,38,90.05,92.02,-1.96,97.67,89,75.47,-7.5
"RAY.EMERY","2009-2010","PHI",19,1119.64,532,47,91.17,91.1,0.07,99.41,90.15,79.8,0.37
"RAY.EMERY","2010-2011","ANA",5,226.09,129,10,92.25,91.66,0.59,95.12,96.72,77.78,0.76
"RAY.EMERY","2011-2012","CHI",16,810.06,349,29,91.69,90.75,0.94,97.74,93.98,78.31,3.28
"RAY.EMERY","2012-2013","CHI",12,677.7,266,24,90.98,91.5,-0.53,95.92,90.99,82.46,-1.4
"RAY.EMERY","2013-2014","PHI",10,416.33,207,18,91.3,90.72,0.58,98.85,94.37,73.47,1.21
"RAY.EMERY","2014-2015","PHI",12,630.09,308,29,90.58,91.39,-0.81,98.51,91.09,75.34,-2.49
"RETO.BERRA","2013-2014","CGY",16,873.23,387,44,88.63,92.07,-3.44,96.32,89.36,72.29,-13.31
"RETO.BERRA","2014-2015","COL",7,310.99,165,16,90.3,91.17,-0.87,98.21,89.71,80.49,-1.43
"RETO.BERRA","2015-2016","COL",4,173.41,84,7,91.67,93.26,-1.6,96.97,85.71,100,-1.34
"RETO.BERRA","2016-2017","FLA",3,143,63,7,88.89,90.7,-1.81,100,96,60,-1.14
"RETO.BERRA","2017-2018","ANA",1,8.53,6,0,100,90.5,9.5,100,100,100,0.57
"RICHARD.BACHMAN","2011-2012","DAL",6,358.2,184,16,91.3,91.67,-0.36,97.7,92.86,75.61,-0.67
"RICHARD.BACHMAN","2012-2013","DAL",6,258.62,134,12,91.04,91,0.04,100,91.23,76.67,0.06
"RICHARD.BACHMAN","2013-2014","EDM",2,73.87,35,6,82.86,89.03,-6.17,100,86.67,60,-2.16
"RICHARD.BACHMAN","2014-2015","EDM",2,120.01,56,2,96.43,91.79,4.64,96.3,100,90.91,2.6
"RICK.DIPIETRO","2007-2008","NYI",31,1770.16,798,77,90.35,90.5,-0.15,97.64,89.86,82.1,-1.22
"RICK.DIPIETRO","2008-2009","NYI",3,139.75,70,8,88.57,90.47,-1.9,100,92.86,57.14,-1.33
"RICK.DIPIETRO","2009-2010","NYI",5,279.35,122,11,90.98,92.34,-1.35,96,89.66,78.57,-1.65
"RICK.DIPIETRO","2010-2011","NYI",13,786.1,395,43,89.11,90.35,-1.24,96.8,91.62,70.89,-4.89
"RICK.DIPIETRO","2011-2012","NYI",6,313.74,156,18,88.46,89.59,-1.13,98.31,93.88,70.83,-1.76
"RICK.DIPIETRO","2012-2013","NYI",1,59.46,30,5,83.33,89.03,-5.7,90,87.5,75,-1.71
"RIKU.HELENIUS","2008-2009","T.B",1,6.86,2,0,100,93.5,6.5,100,100,NA,0.13
"ROBERTO.LUONGO","2007-2008","VAN",39,2201.44,947,77,91.87,91.32,0.55,99.42,91.4,77.16,5.19
"ROBERTO.LUONGO","2008-2009","VAN",28,1688.57,784,56,92.86,91.52,1.34,98.12,92.39,83.94,10.5
"ROBERTO.LUONGO","2009-2010","VAN",38,2196.73,1102,80,92.74,91.9,0.84,98.09,94.34,76.6,9.27
"ROBERTO.LUONGO","2010-2011","VAN",32,1912.08,969,60,93.81,91.68,2.12,98.25,95.99,79.78,20.58
"ROBERTO.LUONGO","2011-2012","VAN",31,1740.83,857,66,92.3,91.18,1.12,99.21,93.95,76.29,9.58
"ROBERTO.LUONGO","2012-2013","VAN",10,585.58,258,23,91.09,91.91,-0.83,98.13,92.93,73.08,-2.13
"ROBERTO.LUONGO","2013-2014","VAN/FLA",34,1973.68,947,73,92.29,91.96,0.33,97.47,94.72,76.96,3.11
"ROBERTO.LUONGO","2014-2015","FLA",31,1766.4,831,64,92.3,92.35,-0.05,97.26,93.17,77.78,-0.4
"ROBERTO.LUONGO","2015-2016","FLA",34,1959.95,968,81,91.63,91.61,0.03,98.32,92.07,76.88,0.25
"ROBERTO.LUONGO","2016-2017","FLA",20,1170.79,619,53,91.44,91.22,0.22,97.61,92.74,75.83,1.37
"ROBERTO.LUONGO","2017-2018","FLA",8,436.08,290,21,92.76,90.76,2,97.32,93.81,83.08,5.79
"ROBIN.LEHNER","2010-2011","OTT",2,89.63,52,8,84.62,92.94,-8.33,96,80,57.14,-4.33
"ROBIN.LEHNER","2011-2012","OTT",3,179.48,94,6,93.62,89.71,3.9,100,94.29,84.62,3.67
"ROBIN.LEHNER","2012-2013","OTT",4,244.3,122,8,93.44,92.48,0.96,96.23,93.33,87.5,1.17
"ROBIN.LEHNER","2013-2014","OTT",16,769.65,403,36,91.07,91,0.07,97.69,92.74,78.3,0.29
"ROBIN.LEHNER","2014-2015","OTT",13,758.41,417,40,90.41,91.56,-1.16,96.39,88.55,80.43,-4.82
"ROBIN.LEHNER","2015-2016","BUF",11,542.54,289,27,90.66,92.9,-2.25,94.63,87.1,85.11,-6.49
"ROBIN.LEHNER","2016-2017","BUF",32,1853.77,1008,80,92.06,92.59,-0.53,99.02,90.49,75.92,-5.35
"ROBIN.LEHNER","2017-2018","BUF",15,835.3,429,28,93.47,92.63,0.85,97.12,94.48,81.58,3.63
"ROB.ZEPP","2014-2015","PHI",4,223.37,79,8,89.87,93.39,-3.52,94.87,88.46,78.57,-2.78
"RYAN.MILLER","2007-2008","BUF",39,2287.26,1046,102,90.25,92.07,-1.82,96.16,90.75,72.79,-19.04
"RYAN.MILLER","2008-2009","BUF",31,1743.45,890,71,92.02,92.56,-0.53,98.42,90.36,77.95,-4.74
"RYAN.MILLER","2009-2010","BUF",35,2075.43,1064,74,93.05,92.16,0.88,98.04,93.32,79.63,9.4
"RYAN.MILLER","2010-2011","BUF",34,1962.13,989,82,91.71,91.91,-0.2,97.71,90.14,81.25,-2.01
"RYAN.MILLER","2011-2012","BUF",29,1721.23,845,72,91.48,92.27,-0.79,96.96,91.88,78.53,-6.69
"RYAN.MILLER","2012-2013","BUF",19,1106.98,607,56,90.77,91.29,-0.51,96.33,92.67,76.92,-3.1
"RYAN.MILLER","2013-2014","BUF/STL",33,1997.12,1014,84,91.72,92.06,-0.34,98.86,89.81,79.9,-3.48
"RYAN.MILLER","2014-2015","VAN",21,1265.78,573,53,90.75,90.79,-0.04,96.89,89.81,82.39,-0.23
"RYAN.MILLER","2015-2016","VAN",26,1549.04,825,63,92.36,91.66,0.7,99.1,92.92,77.84,5.8
"RYAN.MILLER","2016-2017","VAN",32,1921.86,1008,83,91.77,91.22,0.55,96.5,94.42,78.04,5.52
"RYAN.MILLER","2017-2018","ANA",3,122.1,53,2,96.23,90.25,5.98,100,93.75,93.75,3.17
"SCOTT.CLEMMENSEN","2007-2008","TOR",2,94.49,38,4,89.47,90.58,-1.11,100,94.44,57.14,-0.42
"SCOTT.CLEMMENSEN","2008-2009","N.J",20,1150.94,521,44,91.55,91.85,-0.29,98.92,91.87,75.28,-1.53
"SCOTT.CLEMMENSEN","2009-2010","FLA",11,546.15,283,26,90.81,92.06,-1.25,96.58,90.24,76.74,-3.53
"SCOTT.CLEMMENSEN","2010-2011","FLA",15,831.97,393,31,92.11,92.79,-0.68,99.39,91.11,70.83,-2.68
"SCOTT.CLEMMENSEN","2011-2012","FLA",14,753.12,369,31,91.6,93.07,-1.47,97.67,88.28,80.77,-5.42
"SCOTT.CLEMMENSEN","2012-2013","FLA",8,315.14,161,21,86.96,91.98,-5.02,95.45,82.09,78.57,-8.09
"SCOTT.CLEMMENSEN","2013-2014","FLA",5,263.85,123,14,88.62,91.98,-3.37,100,88,65.22,-4.14
"SCOTT.DARLING","2014-2015","CHI",5,284.73,139,5,96.4,92.45,3.96,98.33,98.18,87.5,5.5
"SCOTT.DARLING","2015-2016","CHI",11,601.77,314,22,92.99,91.63,1.36,98.52,94.44,80.28,4.27
"SCOTT.DARLING","2016-2017","CHI",16,863.67,456,31,93.2,90.84,2.36,98.21,94.51,84.68,10.78
"SCOTT.DARLING","2017-2018","CAR",11,636.3,300,29,90.33,90.27,0.07,96.23,93.91,77.22,0.2
"SCOTT.WEDGEWOOD","2015-2016","N.J",2,122.24,54,2,96.3,93.78,2.52,96.3,94.74,100,1.36
"SCOTT.WEDGEWOOD","2017-2018","ARI",7,346.17,143,18,87.41,91.41,-3.99,95.83,85.71,72.22,-5.71
"SEBASTIEN.CARON","2011-2012","T.B",1,60.76,28,2,92.86,91.18,1.68,100,90.91,83.33,0.47
"SEMYON.VARLAMOV","2008-2009","WSH",2,121.76,61,7,88.52,90.54,-2.02,95.24,92.31,71.43,-1.23
"SEMYON.VARLAMOV","2009-2010","WSH",13,759.08,331,26,92.15,92.24,-0.09,93.75,91.28,91.49,-0.31
"SEMYON.VARLAMOV","2010-2011","WSH",14,843.98,397,27,93.2,91.04,2.16,98.62,95.32,79.01,8.58
"SEMYON.VARLAMOV","2011-2012","COL",25,1509.11,723,55,92.39,92.24,0.15,97.78,92.86,78.95,1.08
"SEMYON.VARLAMOV","2012-2013","COL",18,1067.07,529,44,91.68,91.65,0.03,99.01,89.35,82.73,0.18
"SEMYON.VARLAMOV","2013-2014","COL",37,2154.02,1157,82,92.91,91.99,0.92,98.61,93.81,76.85,10.63
"SEMYON.VARLAMOV","2014-2015","COL",28,1645.46,848,60,92.92,92,0.92,98.41,91.09,83.83,7.83
"SEMYON.VARLAMOV","2015-2016","COL",33,1853.87,1004,93,90.74,91.69,-0.95,96.49,90.03,80.56,-9.52
"SEMYON.VARLAMOV","2016-2017","COL",13,737.26,397,41,89.67,92.2,-2.53,97.75,89.92,73.33,-10.04
"SEMYON.VARLAMOV","2017-2018","COL",14,782.65,435,33,92.41,92.11,0.3,97.13,94.7,74.67,1.31
"SERGEI.BOBROVSKY","2010-2011","PHI",31,1725.6,852,76,91.08,90.81,0.27,97.81,92.31,76.92,2.28
"SERGEI.BOBROVSKY","2011-2012","PHI",13,608.07,305,38,87.54,89.45,-1.9,97.89,90.32,72.09,-5.81
"SERGEI.BOBROVSKY","2012-2013","CBJ",20,1169.18,578,32,94.46,92.86,1.61,97.54,91.37,91.67,9.28
"SERGEI.BOBROVSKY","2013-2014","CBJ",29,1635.94,816,63,92.28,92.51,-0.23,97.02,91.84,81.7,-1.86
"SERGEI.BOBROVSKY","2014-2015","CBJ",28,1663.11,882,76,91.38,92.48,-1.1,98.12,89.71,79.38,-9.7
"SERGEI.BOBROVSKY","2015-2016","CBJ",21,1187.51,574,61,89.37,91.32,-1.95,95.98,89.61,76.47,-11.19
"SERGEI.BOBROVSKY","2016-2017","CBJ",34,2030.18,1056,62,94.13,90.62,3.51,97.99,94.83,87.1,37.05
"SERGEI.BOBROVSKY","2017-2018","CBJ",16,949.52,479,31,93.53,90.38,3.15,98.52,89.81,89.92,15.09
"SHAWN.HUNWICK","2011-2012","CBJ",1,2.55,0,0,NA,NA,NA,NA,NA,NA,0
"SPENCER.MARTIN","2016-2017","COL",1,58.14,26,5,80.77,94.5,-13.73,92.86,87.5,25,-3.57
"STEPHEN.VALIQUETTE","2007-2008","NYR",3,124.56,50,8,84,91.26,-7.26,100,80.95,55.56,-3.63
"STEPHEN.VALIQUETTE","2008-2009","NYR",5,212.53,84,4,95.24,90.27,4.96,100,100,81.82,4.17
"STEPHEN.VALIQUETTE","2009-2010","NYR",2,99.9,36,5,86.11,87.53,-1.42,100,95,63.64,-0.51
"STEVE.MASON","2008-2009","CBJ",33,1953.53,891,76,91.47,91.5,-0.03,98.01,92,80,-0.3
"STEVE.MASON","2009-2010","CBJ",30,1760.51,875,79,90.97,92.11,-1.14,99.14,89.2,77.71,-9.98
"STEVE.MASON","2010-2011","CBJ",28,1603.15,777,77,90.09,92.02,-1.93,97.08,93.05,67.39,-15.02
"STEVE.MASON","2011-2012","CBJ",26,1445.7,739,73,90.12,92.71,-2.59,97.28,88.36,75.94,-19.13
"STEVE.MASON","2012-2013","CBJ/PHI",8,422.14,218,18,91.74,92.43,-0.68,95.7,93.1,78.95,-1.49
"STEVE.MASON","2013-2014","PHI",35,1979.48,987,79,92,92.14,-0.14,98.01,92.57,76.22,-1.38
"STEVE.MASON","2014-2015","PHI",28,1644.62,874,55,93.71,91.97,1.74,99.53,93.87,80,15.2
"STEVE.MASON","2015-2016","PHI",28,1670.25,836,62,92.58,91.66,0.93,98.37,93.03,80,7.76
"STEVE.MASON","2016-2017","PHI",30,1676.65,821,69,91.6,91.83,-0.23,99.16,90.94,76.22,-1.91
"STEVE.MASON","2017-2018","WPG",2,100.6,59,10,83.05,89.56,-6.51,94.74,78.26,76.47,-3.84
"THOMAS.GREISS","2009-2010","S.J",7,342.64,171,17,90.06,91.11,-1.05,96.77,91.78,75,-1.79
"THOMAS.GREISS","2011-2012","S.J",9,473.12,201,19,90.55,90.16,0.39,98.7,93.42,72.92,0.78
"THOMAS.GREISS","2012-2013","S.J",1,60,24,0,100,92.88,7.12,100,100,100,1.71
"THOMAS.GREISS","2013-2014","ARI",11,578.64,261,17,93.49,93.43,0.06,97.12,94.05,78.95,0.16
"THOMAS.GREISS","2014-2015","PIT",7,364.55,164,14,91.46,91.59,-0.13,98.63,88.89,81.08,-0.21
"THOMAS.GREISS","2015-2016","NYI",23,1275.71,631,47,92.55,90.25,2.3,98.43,93.33,83.87,14.53
"THOMAS.GREISS","2016-2017","NYI",23,1306.69,646,56,91.33,90.27,1.06,97.42,92.81,82.18,6.86
"THOMAS.GREISS","2017-2018","NYI",10,549.17,273,32,88.28,91.05,-2.78,98.04,91.15,65.52,-7.58
"THOMAS.MCCOLLUM","2010-2011","DET",1,14.62,8,3,62.5,84.12,-21.62,100,100,25,-1.73
"TIM.THOMAS","2008-2009","BOS",26,1555.78,818,60,92.67,91.84,0.82,98.32,95.33,75.8,6.72
"TIM.THOMAS","2009-2010","BOS",22,1246.29,596,50,91.61,92.13,-0.52,98.49,89.62,79.83,-3.08
"TIM.THOMAS","2010-2011","BOS",29,1718.42,880,53,93.98,92.05,1.93,98.92,93.24,83.97,16.99
"TIM.THOMAS","2011-2012","BOS",27,1604.54,748,59,92.11,92.43,-0.32,97.38,91.92,80,-2.38
"TIM.THOMAS","2013-2014","FLA/DAL",21,1178.08,608,51,91.61,91.54,0.07,99.17,92.21,75.81,0.43
"TOBIAS.STEPHAN","2008-2009","DAL",3,139.91,55,7,87.27,90.38,-3.11,90.91,90.62,75,-1.71
"TOMAS.VOKOUN","2007-2008","FLA",39,2222.76,1198,92,92.32,92.03,0.29,97.16,93.02,78.03,3.45
"TOMAS.VOKOUN","2008-2009","FLA",36,1981.38,1091,73,93.31,92.54,0.77,99.35,92.13,79.5,8.38
"TOMAS.VOKOUN","2009-2010","FLA",33,1948.29,1114,86,92.28,92.41,-0.13,98.43,92.47,73.15,-1.44
"TOMAS.VOKOUN","2010-2011","FLA",30,1653.28,872,72,91.74,92.13,-0.39,96.06,92.73,77.27,-3.41
"TOMAS.VOKOUN","2011-2012","WSH",23,1375.02,658,47,92.86,91.8,1.05,98.18,95.95,76.47,6.94
"TOMAS.VOKOUN","2012-2013","PIT",9,420.45,198,15,92.42,92.59,-0.16,98.94,90.91,78.95,-0.32
"TOM.MCCOLLUM","2014-2015","DET",1,45.9,8,1,87.5,87.12,0.38,100,100,75,0.03
"TRISTAN.JARRY","2017-2018","PIT",8,380.27,186,17,90.86,89.62,1.24,96.67,94.81,77.55,2.31
"TUUKKA.RASK","2007-2008","BOS",1,59.96,30,4,86.67,90.6,-3.93,92.31,81.82,83.33,-1.18
"TUUKKA.RASK","2008-2009","BOS",1,59.97,35,0,100,93.17,6.83,100,100,100,2.39
"TUUKKA.RASK","2009-2010","BOS",22,1247.27,571,44,92.29,91.03,1.26,97.49,92.18,84.5,7.2
"TUUKKA.RASK","2010-2011","BOS",13,756.83,425,33,92.24,91.86,0.38,98.59,93.46,75.36,1.6
"TUUKKA.RASK","2011-2012","BOS",14,822.48,403,24,94.04,92.4,1.65,97.84,92.75,87.5,6.64
"TUUKKA.RASK","2012-2013","BOS",19,1161.66,544,37,93.2,91.91,1.29,98.3,92.75,83.62,7
"TUUKKA.RASK","2013-2014","BOS",32,1905.56,900,53,94.11,92.84,1.28,98.2,91.89,86.79,11.48
"TUUKKA.RASK","2014-2015","BOS",36,2129.66,1022,71,93.05,93.06,-0.01,98.22,91.44,79.74,-0.09
"TUUKKA.RASK","2015-2016","BOS",33,1932.88,950,88,90.74,92.29,-1.56,97.82,90.33,71.43,-14.8
"TUUKKA.RASK","2016-2017","BOS",33,1838.85,760,64,91.58,91.92,-0.34,97.95,91.1,79.58,-2.61
"TUUKKA.RASK","2017-2018","BOS",16,967.4,437,33,92.45,91.98,0.47,98.34,91.02,83.15,2.06
"TY.CONKLIN","2007-2008","PIT",16,946.54,495,31,93.74,92.88,0.85,99.1,93.24,77.61,4.22
"TY.CONKLIN","2008-2009","DET",19,1084.64,487,38,92.2,91.66,0.54,96.63,92.86,81.18,2.61
"TY.CONKLIN","2009-2010","STL",7,410.52,219,29,86.76,91.88,-5.12,97.18,87.27,65.79,-11.21
"TY.CONKLIN","2010-2011","STL",8,350.94,154,20,87.01,92.34,-5.32,96.15,86.08,69.57,-8.2
"TY.CONKLIN","2011-2012","DET",2,119.81,50,6,88,91.86,-3.86,95.65,93.75,63.64,-1.93
"VESA.TOSKALA","2007-2008","TOR",33,1891.7,899,100,88.88,90.54,-1.66,97.03,90.53,72.16,-14.94
"VESA.TOSKALA","2008-2009","TOR",25,1444.61,695,75,89.21,91.22,-2.01,96.18,89.4,74.81,-13.95
"VESA.TOSKALA","2009-2010","TOR",12,692.52,341,33,90.32,90.45,-0.13,96.49,93.33,75.32,-0.43
"VIKTOR.FASTH","2012-2013","ANA",14,772.11,366,30,91.8,91.31,0.49,97.2,95.04,76.83,1.8
"VIKTOR.FASTH","2013-2014","ANA/EDM",5,266.78,164,13,92.07,90.26,1.82,96.67,92.31,84.62,2.98
"VIKTOR.FASTH","2014-2015","EDM",8,404.23,193,22,88.6,90.78,-2.18,95.52,91.36,73.33,-4.2
"WADE.DUBIELEWICZ","2007-2008","NYI",12,643.92,327,24,92.66,90.76,1.91,98.75,93.99,81.25,6.23
"WADE.DUBIELEWICZ","2008-2009","CBJ",1,49.19,23,4,82.61,92.3,-9.7,90,88.89,50,-2.23
"YANN.DANIS","2008-2009","NYI",20,1164.95,638,50,92.16,90.97,1.19,98.01,91.42,85.07,7.59
"YANN.DANIS","2009-2010","N.J",2,89,31,2,93.55,90.77,2.77,100,92.86,85.71,0.86
"YANN.DANIS","2011-2012","EDM",1,32.43,12,2,83.33,88.17,-4.83,100,100,60,-0.58
"YANN.DANIS","2012-2013","EDM",1,40,14,0,100,92.64,7.36,100,100,100,1.03
"ZANE.MCINTYRE","2016-2017","BOS",3,78.17,41,5,87.8,90.46,-2.66,92.31,100,60,-1.09
