"Team","Season","GP","TOI","CF","CA","C+/-","CF%","CF/60","CA/60","GF","GA","G+/-","GF%","GF/60","GA/60","xGF","xGA","xG+/-","xGF%","xGF/60","xGA/60","PENT","PEND","P+/-","Sh%","Sv%","PDO"
"ANA","2007-2008",81,3396.38,2301.47,2228.05,73.42,50.81,40.66,39.36,102.53,90.54,11.99,53.11,1.81,1.6,104.35,109.55,-5.2,48.78,1.84,1.94,406,372,-34,7.66,93.29,100.95
"ANA","2008-2009",82,3645.19,2722.13,2621.64,100.49,50.94,44.81,43.15,138.35,123.57,14.78,52.82,2.28,2.03,129.44,123.6,5.84,51.15,2.13,2.03,407,337,-70,8.82,92.1,100.92
"ANA","2009-2010",82,3746.91,2778.85,3073.92,-295.07,47.48,44.5,49.22,137.55,135.02,2.53,50.46,2.2,2.16,126.01,148.35,-22.34,45.93,2.02,2.38,378,351,-27,8.52,92.44,100.96
"ANA","2010-2011",82,3852.9,2672.03,3353.91,-681.88,44.34,41.61,52.23,128.9,147.57,-18.67,46.62,2.01,2.3,117.52,148.63,-31.11,44.16,1.83,2.31,336,309,-27,8.37,91.86,100.22
"ANA","2011-2012",82,3890.68,2947.01,3130.73,-183.72,48.49,45.45,48.28,131.38,147.32,-15.94,47.14,2.03,2.27,128.21,143.27,-15.06,47.23,1.98,2.21,274,260,-14,8.32,91.27,99.59
"ANA","2012-2013",48,2319.8,1715.36,1863.36,-148,47.93,44.37,48.19,86.25,69.77,16.48,55.28,2.23,1.8,78.2,78.3,-0.1,49.97,2.02,2.03,162,137,-25,9.27,92.5,101.77
"ANA","2013-2014",82,3822.9,3076.1,3041.57,34.53,50.28,48.28,47.74,179.29,126.06,53.23,58.72,2.81,1.98,146.89,138.28,8.61,51.51,2.31,2.17,292,293,1,10.45,92.13,102.58
"ANA","2014-2015",82,3902.03,3145.29,3015.54,129.75,51.05,48.36,46.37,149.93,140.28,9.65,51.66,2.31,2.16,142.94,129.48,13.46,52.47,2.2,1.99,263,251,-12,8.95,91.4,100.35
"ANA","2015-2016",82,3882.25,3215.12,2857.24,357.88,52.95,49.69,44.16,123.65,124.58,-0.93,49.81,1.91,1.93,139.92,123.27,16.65,53.16,2.16,1.91,329,272,-57,7.13,91.92,99.05
"ANA","2016-2017",82,3869.85,3073.77,3034.83,38.94,50.32,47.66,47.05,138.61,122.88,15.73,53.01,2.15,1.91,144.78,132.77,12.01,52.16,2.24,2.06,304,275,-29,8.22,92.45,100.66
"ARI","2007-2008",81,3641.48,2793.94,2932.87,-138.93,48.79,46.04,48.32,114.52,127.17,-12.65,47.38,1.89,2.1,119.45,130.56,-11.11,47.78,1.97,2.15,322,317,-5,6.9,92.44,99.34
"ARI","2008-2009",81,3733.4,2685.12,3230.01,-544.89,45.39,43.15,51.91,120.36,150.64,-30.28,44.41,1.93,2.42,111.47,130.46,-18.99,46.08,1.79,2.1,321,351,30,8.02,91.45,99.46
"ARI","2009-2010",82,3697.48,3014.96,2801.94,213.02,51.83,48.92,45.47,140.01,116.01,24,54.69,2.27,1.88,127.8,120.21,7.59,51.53,2.07,1.95,267,269,2,8.28,92.63,100.91
"ARI","2010-2011",82,3863.82,3209.75,3164.89,44.86,50.35,49.84,49.15,146.59,124,22.59,54.17,2.28,1.93,134.45,141.35,-6.9,48.75,2.09,2.19,277,272,-5,8.34,93.02,101.36
"ARI","2011-2012",82,3957.78,3261.5,3283.6,-22.1,49.83,49.44,49.78,150.62,134.66,15.96,52.8,2.28,2.04,143.65,147.19,-3.54,49.39,2.18,2.23,249,242,-7,8.46,92.73,101.18
"ARI","2012-2013",48,2265.41,1909.32,1856.3,53.02,50.7,50.57,49.16,81.93,78.22,3.71,51.16,2.17,2.07,80.7,83.75,-3.05,49.07,2.14,2.22,157,166,9,7.79,92.45,100.24
"ARI","2013-2014",82,3878.63,3112.36,3091.26,21.1,50.17,48.15,47.82,130.89,125.54,5.35,51.04,2.02,1.94,121.64,137.2,-15.56,46.99,1.88,2.12,265,266,1,7.73,92.73,100.46
"ARI","2014-2015",82,3947.18,3092.59,3389.74,-297.15,47.71,47.01,51.53,99.86,165.49,-65.63,37.63,1.52,2.52,126.78,148.31,-21.53,46.09,1.93,2.25,260,245,-15,6.09,91.16,97.25
"ARI","2015-2016",82,3771.58,2791.67,3208.89,-417.22,46.52,44.41,51.05,125.59,130.38,-4.79,49.06,2,2.07,117.32,133.73,-16.41,46.73,1.87,2.13,313,294,-19,8.36,92.52,100.88
"ARI","2016-2017",82,3984.29,2969.49,3616.74,-647.25,45.09,44.72,54.47,129.84,158.31,-28.47,45.06,1.96,2.38,123.85,167.96,-44.11,42.44,1.87,2.53,253,240,-13,7.99,92.05,100.03
"ATL","2007-2008",80,3587.92,2231.73,2976.22,-744.49,42.85,37.32,49.77,116.79,157.43,-40.64,42.59,1.95,2.63,112.87,143.98,-31.11,43.94,1.89,2.41,327,270,-57,8.94,91.17,100.1
"ATL","2008-2009",82,3616.12,2572.75,2989.36,-416.61,46.25,42.69,49.6,140.42,152.93,-12.51,47.87,2.33,2.54,129.21,144.76,-15.55,47.16,2.14,2.4,392,368,-24,9.55,91.23,100.79
"ATL","2009-2010",82,3702.9,2853.05,2997.15,-144.1,48.77,46.23,48.56,154.36,159.79,-5.43,49.14,2.5,2.59,127.6,149.46,-21.86,46.06,2.07,2.42,336,330,-6,9.51,91.07,100.58
"ATL","2010-2011",82,3911,3128.36,3304.86,-176.5,48.63,47.99,50.7,133.63,159.41,-25.78,45.6,2.05,2.45,138.75,151.2,-12.45,47.85,2.13,2.32,281,270,-11,7.51,91.35,98.86
"BOS","2007-2008",31,1137.06,878.81,808.53,70.28,52.08,46.37,42.66,33.07,36.91,-3.84,47.26,1.75,1.95,37.72,36.24,1.48,51,1.99,1.91,101,99,-2,6.8,91.68,98.47
"BOS","2008-2009",81,3737.65,2981.13,2807.85,173.28,51.5,47.86,45.07,160.44,103.96,56.48,60.68,2.58,1.67,133.42,129.51,3.91,50.74,2.14,2.08,309,319,10,9.53,93.75,103.28
"BOS","2009-2010",82,3909.25,3200.61,2873.96,326.65,52.69,49.12,44.11,122.31,130.9,-8.59,48.3,1.88,2.01,131.82,119.48,12.34,52.46,2.02,1.83,292,284,-8,6.73,92.18,98.9
"BOS","2010-2011",82,3935.86,3457.26,3287.53,169.73,51.26,52.7,50.12,167.33,118.93,48.4,58.45,2.55,1.81,142.58,146.06,-3.48,49.4,2.17,2.23,310,315,5,8.65,93.7,102.35
"BOS","2011-2012",82,3963.35,3512.42,2975.08,537.34,54.14,53.17,45.04,181.28,139.11,42.17,56.58,2.74,2.11,148.02,123.45,24.57,54.53,2.24,1.87,306,306,0,9.38,91.9,101.27
"BOS","2012-2013",48,2323.98,2132.8,1732.44,400.36,55.18,55.06,44.73,88.32,72.01,16.31,55.09,2.28,1.86,90.56,79.02,11.54,53.4,2.34,2.04,177,146,-31,7.63,92.55,100.18
"BOS","2013-2014",82,3993.08,3438.61,2870.93,567.68,54.5,51.67,43.14,165.54,106.1,59.44,60.94,2.49,1.59,141.51,119.09,22.42,54.3,2.13,1.79,282,265,-17,8.74,93.56,102.3
"BOS","2014-2015",82,4014.31,3244.17,3062.99,181.18,51.44,48.49,45.78,132.67,132.44,0.23,50.04,1.98,1.98,129.52,124.33,5.19,51.02,1.94,1.86,255,231,-24,7.5,92.43,99.94
"BOS","2015-2016",82,3946.97,3156.49,3181,-24.51,49.81,47.98,48.36,152.67,143.54,9.13,51.54,2.32,2.18,132.25,134.13,-1.88,49.65,2.01,2.04,306,260,-46,8.32,91.83,100.15
"BOS","2016-2017",82,3869.08,3377.79,2789.54,588.25,54.77,52.38,43.26,134.62,142,-7.38,48.67,2.09,2.2,149.45,122.22,27.23,55.01,2.32,1.9,299,261,-38,7.18,90.64,97.81
"BUF","2007-2008",76,3331.35,2447.06,2533.75,-86.69,49.13,44.07,45.63,141.48,133.9,7.58,51.38,2.55,2.41,114.41,114.23,0.18,50.04,2.06,2.06,280,317,37,9.77,90.66,100.43
"BUF","2008-2009",82,3609.13,2810.21,2851.95,-41.74,49.63,46.72,47.41,143.64,140.22,3.42,50.6,2.39,2.33,125.89,119.98,5.91,51.2,2.09,1.99,332,353,21,8.66,91.44,100.09
"BUF","2009-2010",82,3745.89,3027.99,2957.56,70.43,50.59,48.5,47.37,144.96,135.36,9.6,51.71,2.32,2.17,140.84,137.34,3.5,50.63,2.26,2.2,283,311,28,8.15,92.15,100.3
"BUF","2010-2011",82,3853.65,3156.13,3131.14,24.99,50.2,49.14,48.75,156.5,134.65,21.85,53.75,2.44,2.1,143.42,132.98,10.44,51.89,2.23,2.07,305,289,-16,8.4,92.22,100.63
"BUF","2011-2012",82,3955.14,3044.71,3181.12,-136.41,48.9,46.19,48.26,147.08,137.9,9.18,51.61,2.23,2.09,130.54,142.5,-11.96,47.81,1.98,2.16,288,282,-6,8.69,92.34,101.04
"BUF","2012-2013",48,2237.58,1577.53,1945.36,-367.83,44.78,42.3,52.16,78.39,85.95,-7.56,47.7,2.1,2.3,67.01,86.14,-19.13,43.75,1.8,2.31,185,185,0,8.73,92.13,100.86
"BUF","2013-2014",82,3890.77,2592.44,3512.4,-919.96,42.47,39.98,54.17,92.19,159.18,-66.99,36.68,1.42,2.45,113.22,153.71,-40.49,42.42,1.75,2.37,267,271,4,6.32,91.87,98.18
"BUF","2014-2015",82,3978.82,2307.04,3926.94,-1619.9,37.01,34.79,59.22,104.83,162.14,-57.31,39.27,1.58,2.45,106.61,158.35,-51.74,40.24,1.61,2.39,259,247,-12,7.7,92.2,99.89
"BUF","2015-2016",82,3976.95,2876.77,3204.5,-327.73,47.31,43.4,48.35,113.8,140.34,-26.54,44.78,1.72,2.12,120.33,132.06,-11.73,47.68,1.82,1.99,227,253,26,6.94,92.17,99.11
"BUF","2016-2017",82,4031.08,3036.3,3392.49,-356.19,47.23,45.19,50.5,117.88,144.97,-27.09,44.85,1.75,2.16,131.97,145.73,-13.76,47.52,1.96,2.17,243,228,-15,6.69,92.6,99.29
"CAR","2007-2008",79,3374.38,2896.68,2635.23,261.45,52.36,51.51,46.86,139.99,135.79,4.2,50.76,2.49,2.41,134.16,131.39,2.77,50.52,2.39,2.34,322,381,59,8.57,90.66,99.23
"CAR","2008-2009",82,3645.27,3219.18,2968.77,250.41,52.02,52.99,48.87,126.97,130.39,-3.42,49.34,2.09,2.15,141.81,139.98,1.83,50.32,2.33,2.3,264,344,80,7.19,91.77,98.96
"CAR","2009-2010",81,3679.53,2948.33,3121.11,-172.78,48.58,48.08,50.89,129.19,146.89,-17.7,46.79,2.11,2.4,134.37,149.86,-15.49,47.28,2.19,2.44,292,306,14,8.26,91.37,99.62
"CAR","2010-2011",82,3737,3265.46,3363.32,-97.86,49.26,52.43,54,141.27,148.65,-7.38,48.73,2.27,2.39,147.08,158.08,-11,48.2,2.36,2.54,257,331,74,8.35,91.94,100.3
"CAR","2011-2012",82,3894.5,3153.75,3394.25,-240.5,48.16,48.59,52.29,130.89,149.12,-18.23,46.74,2.02,2.3,147.38,161.54,-14.16,47.71,2.27,2.49,235,277,42,7.75,92,99.75
"CAR","2012-2013",48,2268.18,1990.48,1932.71,57.77,50.74,52.65,51.13,84.98,99,-14.02,46.19,2.25,2.62,90.94,99.45,-8.51,47.77,2.41,2.63,157,163,6,7.98,90.81,98.79
"CAR","2013-2014",82,3938.25,3309.93,3331.31,-21.38,49.84,50.43,50.75,130.86,145.48,-14.62,47.35,1.99,2.22,145.91,158.34,-12.43,47.96,2.22,2.41,225,255,30,7.35,92.09,99.44
"CAR","2014-2015",82,4001.27,3317.3,3065.74,251.56,51.97,49.74,45.97,118.43,154.21,-35.78,43.44,1.78,2.31,148.96,142.58,6.38,51.09,2.23,2.14,179,232,53,6.6,90.52,97.11
"CAR","2015-2016",82,4037,3222.6,3048.45,174.15,51.39,47.9,45.31,121.8,151.89,-30.09,44.5,1.81,2.26,148.51,149.93,-1.42,49.76,2.21,2.23,188,229,41,7.04,90.88,97.91
"CAR","2016-2017",82,4042.65,3276.78,3179.4,97.38,50.75,48.63,47.19,137.08,160.72,-23.64,46.03,2.03,2.39,158.03,153.63,4.4,50.71,2.35,2.28,171,209,38,7.84,90.81,98.64
"CBJ","2007-2008",82,3529.83,2542.24,2325.68,216.56,52.22,43.21,39.53,104.19,116.26,-12.07,47.26,1.77,1.98,112.05,96.67,15.38,53.68,1.9,1.64,369,359,-10,6.87,91.62,98.5
"CBJ","2008-2009",82,3683.35,2705.58,2537.58,168,51.6,44.07,41.34,142.67,122.28,20.39,53.85,2.32,1.99,121.03,109.83,11.2,52.43,1.97,1.79,353,338,-15,9.04,91.42,100.46
"CBJ","2009-2010",81,3716.38,2567.15,2828.87,-261.72,47.57,41.45,45.67,124.67,158.28,-33.61,44.06,2.01,2.56,111.39,119.5,-8.11,48.24,1.8,1.93,315,285,-30,8.1,90.32,98.43
"CBJ","2010-2011",82,3775.22,2951.73,2974.61,-22.88,49.81,46.91,47.28,130.64,152.22,-21.58,46.19,2.08,2.42,128.58,129.16,-0.58,49.89,2.04,2.05,346,321,-25,7.94,90.93,98.87
"CBJ","2011-2012",82,3807.95,2733.1,3058.64,-325.54,47.19,43.06,48.19,124.55,154.45,-29.9,44.64,1.96,2.43,122.1,126.66,-4.56,49.08,1.92,2,300,325,25,7.84,91.38,99.23
"CBJ","2012-2013",48,2294.78,1590.59,1783.78,-193.19,47.14,41.59,46.64,80.59,77.46,3.13,50.99,2.11,2.03,63.92,74.49,-10.57,46.18,1.67,1.95,188,181,-7,9.34,92.4,101.74
"CBJ","2013-2014",82,3838.15,2956.56,2909.58,46.98,50.4,46.22,45.48,141.54,128.07,13.47,52.5,2.21,2,124.83,117.86,6.97,51.44,1.95,1.84,292,276,-16,8.5,92.39,100.89
"CBJ","2014-2015",82,3869.97,2828.18,3159.95,-331.77,47.23,43.85,48.99,136.75,160.07,-23.32,46.07,2.12,2.48,127.31,143.66,-16.35,46.98,1.97,2.23,318,277,-41,8.33,91.34,99.67
"CBJ","2015-2016",82,3916.13,2979.29,3221.94,-242.65,48.04,45.65,49.36,143.84,150.76,-6.92,48.83,2.2,2.31,158.91,145.73,13.18,52.16,2.43,2.23,303,286,-17,8.59,91.41,100
"CBJ","2016-2017",82,3994.15,3288.9,3140.99,147.91,51.15,49.41,47.18,159.59,124.42,35.17,56.19,2.4,1.87,157.25,157.05,0.2,50.03,2.36,2.36,240,243,3,8.52,92.83,101.34
"CGY","2007-2008",82,3578.25,2680.41,2448.74,231.67,52.26,44.95,41.06,135.59,128.38,7.21,51.37,2.27,2.15,125.52,113.1,12.42,52.6,2.1,1.9,392,349,-43,9.19,91.39,100.58
"CGY","2008-2009",81,3562.4,3144.93,2537.82,607.11,55.34,52.97,42.74,150.06,144,6.06,51.03,2.53,2.43,135.9,120.33,15.57,53.04,2.29,2.03,382,378,-4,8.61,90.58,99.19
"CGY","2009-2010",82,3811,3114.52,2874.01,240.51,52.01,49.03,45.25,128.37,127.97,0.4,50.08,2.02,2.01,125.47,123.66,1.81,50.36,1.98,1.95,338,332,-6,7.82,92.01,99.83
"CGY","2010-2011",82,3819.16,3142.13,2931.66,210.47,51.73,49.36,46.06,152.27,136.53,15.74,52.73,2.39,2.14,132.34,117.44,14.9,52.98,2.08,1.85,264,288,24,8.97,91.22,100.19
"CGY","2011-2012",82,3928.67,2870.94,3189.48,-318.54,47.37,43.85,48.71,130.44,139.97,-9.53,48.24,1.99,2.14,136.22,139.06,-2.84,49.48,2.08,2.12,260,271,11,8.22,92.11,100.33
"CGY","2012-2013",48,2305.28,1701.61,1882.03,-180.42,47.48,44.29,48.98,77.62,113.66,-36.04,40.58,2.02,2.96,80.03,85.72,-5.69,48.28,2.08,2.23,165,156,-9,8.31,88.77,97.08
"CGY","2013-2014",82,3993.28,2879.52,3408.55,-529.03,45.79,43.27,51.21,130.54,161.63,-31.09,44.68,1.96,2.43,124.05,141.49,-17.44,46.72,1.86,2.13,258,248,-10,8.34,90.62,98.96
"CGY","2014-2015",82,3981.8,2899.07,3631.04,-731.97,44.4,43.68,54.71,143.71,144.29,-0.58,49.9,2.17,2.17,127.39,147.29,-19.9,46.38,1.92,2.22,210,250,40,9.44,91.89,101.33
"CGY","2015-2016",82,3954.92,3041.75,3317.73,-275.98,47.83,46.15,50.33,145.53,162.17,-16.64,47.3,2.21,2.46,136.43,147.95,-11.52,47.97,2.07,2.24,238,261,23,8.72,90.52,99.23
"CGY","2016-2017",82,3859.65,3030.04,2927.38,102.66,50.86,47.1,45.51,133.85,131.53,2.32,50.44,2.08,2.04,131.55,135.1,-3.55,49.33,2.05,2.1,300,286,-14,8.05,91.78,99.84
"CHI","2007-2008",80,3423,2306.68,2340.4,-33.72,49.64,40.43,41.02,136.16,125,11.16,52.14,2.39,2.19,105.18,110.27,-5.09,48.82,1.84,1.93,368,365,-3,9.42,91.46,100.88
"CHI","2008-2009",82,3646.73,2972.27,2378.62,593.65,55.55,48.9,39.14,139.2,119.93,19.27,53.72,2.29,1.97,134.55,117.39,17.16,53.41,2.21,1.93,335,368,33,7.78,91.94,99.72
"CHI","2009-2010",82,3881.33,3384.3,2541.26,843.04,57.11,52.32,39.28,166.46,142.87,23.59,53.81,2.57,2.21,148.71,115.27,33.44,56.33,2.3,1.78,276,299,23,8.51,89.78,98.29
"CHI","2010-2011",82,3955.85,3301.94,2889.6,412.34,53.33,50.08,43.83,161.24,138.65,22.59,53.77,2.45,2.1,139.54,131.49,8.05,51.49,2.12,1.99,239,277,38,8.48,91.47,99.95
"CHI","2011-2012",82,3944.77,3247.89,2929.78,318.11,52.57,49.4,44.56,159.85,157.47,2.38,50.38,2.43,2.4,144.19,137.47,6.72,51.19,2.19,2.09,270,287,17,8.69,90.56,99.24
"CHI","2012-2013",48,2300.8,1875.67,1525.7,349.97,55.14,48.91,39.79,99.79,65.72,34.07,60.29,2.6,1.71,82.07,71.93,10.14,53.29,2.14,1.88,151,159,8,9.29,92.26,101.55
"CHI","2013-2014",82,3979.35,3425.61,2732.34,693.27,55.63,51.65,41.2,169.06,142.89,26.17,54.19,2.55,2.15,152.66,124.5,28.16,55.08,2.3,1.88,244,231,-13,8.64,90.82,99.46
"CHI","2014-2015",82,3980.1,3494.36,3013.4,480.96,53.7,52.68,45.43,139.7,121.59,18.11,53.47,2.11,1.83,147.01,146.74,0.27,50.05,2.22,2.21,225,248,23,7.08,93.16,100.24
"CHI","2015-2016",82,3985.37,3239.66,3122.56,117.1,50.92,48.77,47.01,126.45,135.84,-9.39,48.21,1.9,2.05,135.18,146.83,-11.65,47.93,2.04,2.21,216,234,18,7.03,92.3,99.33
"CHI","2016-2017",82,4053.47,3304.79,3216.62,88.17,50.68,48.92,47.61,158.44,129.83,28.61,54.96,2.35,1.92,145.54,150.15,-4.61,49.22,2.15,2.22,206,222,16,8.7,92.9,101.6
"COL","2007-2008",82,3736.5,2576.75,2826.74,-249.99,47.69,41.38,45.39,147.79,129.11,18.68,53.37,2.37,2.07,133.37,125.39,7.98,51.54,2.14,2.01,299,321,22,9.4,91.58,100.98
"COL","2008-2009",82,3746.79,2691.69,3161.46,-469.77,45.99,43.1,50.63,116.4,155.81,-39.41,42.76,1.86,2.5,118.27,129.6,-11.33,47.71,1.89,2.08,304,324,20,7.44,90.46,97.9
"COL","2009-2010",82,3803.3,2653.11,3217.39,-564.28,45.19,41.85,50.76,146.05,139.11,6.94,51.22,2.3,2.19,128.44,139.46,-11.02,47.94,2.03,2.2,308,329,21,9.29,92.23,101.52
"COL","2010-2011",82,3844.35,2842.64,3259.78,-417.14,46.58,44.37,50.88,138.07,162.69,-24.62,45.91,2.15,2.54,137.41,137.72,-0.31,49.94,2.14,2.15,305,281,-24,8.38,91,99.38
"COL","2011-2012",82,3939.2,3232.84,3119.68,113.16,50.89,49.24,47.52,125.83,139.53,-13.7,47.42,1.92,2.13,135.94,140.86,-4.92,49.11,2.07,2.15,276,240,-36,6.94,92.03,98.97
"COL","2012-2013",48,2287.01,1794.15,1935.14,-140.99,48.11,47.07,50.77,76.25,92.07,-15.82,45.3,2,2.42,77.98,82.76,-4.78,48.51,2.05,2.17,187,156,-31,7.6,91.08,98.68
"COL","2013-2014",82,3940.3,3009.05,3345.18,-336.13,47.36,45.82,50.94,155.96,136.31,19.65,53.36,2.37,2.08,129.38,149.83,-20.45,46.34,1.97,2.28,241,243,2,9.19,92.6,101.78
"COL","2014-2015",82,3903.85,2696.16,3494.3,-798.14,43.55,41.44,53.71,143.14,147.53,-4.39,49.24,2.2,2.27,117.63,153.74,-36.11,43.35,1.81,2.36,247,246,-1,9.12,92.09,101.21
"COL","2015-2016",82,3890.92,2807.9,3518.56,-710.66,44.38,43.3,54.26,129.86,139.03,-9.17,48.29,2,2.14,118.51,148.49,-29.98,44.39,1.83,2.29,255,268,13,8.07,92.58,100.65
"COL","2016-2017",81,3871.32,2849.32,3184.12,-334.8,47.23,44.16,49.35,105.85,180.28,-74.43,36.99,1.64,2.79,113.68,138.27,-24.59,45.12,1.76,2.14,262,229,-33,6.84,90.34,97.18
"DAL","2007-2008",82,3578.97,2579.61,2375.89,203.72,52.06,43.25,39.83,133.22,120.15,13.07,52.58,2.23,2.01,107.87,110.53,-2.66,49.39,1.81,1.85,350,315,-35,9.34,91.33,100.67
"DAL","2008-2009",82,3640.98,2705.84,2764.32,-58.48,49.47,44.59,45.55,138.13,149.8,-11.67,47.97,2.28,2.47,119.43,125.3,-5.87,48.8,1.97,2.06,356,347,-9,9.13,90.37,99.5
"DAL","2009-2010",81,3764.7,2888.46,3156.73,-268.27,47.78,46.03,50.31,135.36,142.65,-7.29,48.69,2.16,2.27,120.54,128.57,-8.03,48.39,1.92,2.05,289,318,29,8.32,91.76,100.08
"DAL","2010-2011",82,3794.58,2846.39,3082.76,-236.37,48.01,45.01,48.74,135.75,133.92,1.83,50.34,2.15,2.12,116.97,130.66,-13.69,47.24,1.85,2.07,313,349,36,9.16,92.16,101.32
"DAL","2011-2012",82,3863.28,3158.01,3164.76,-6.75,49.95,49.05,49.15,137.09,143.13,-6.04,48.92,2.13,2.22,121.43,132.42,-10.99,47.84,1.89,2.06,297,262,-35,8.1,91.68,99.77
"DAL","2012-2013",48,2233.56,1749.85,1798.26,-48.41,49.32,47.01,48.31,88.45,85.51,2.94,50.85,2.38,2.3,75.57,86.72,-11.15,46.56,2.03,2.33,190,180,-10,10.05,91.43,101.48
"DAL","2013-2014",82,3863.82,3241.2,3163.18,78.02,50.61,50.33,49.12,154.57,141.08,13.49,52.28,2.4,2.19,150.84,146.12,4.72,50.79,2.34,2.27,263,298,35,8.87,91.64,100.51
"DAL","2014-2015",82,3863.02,3465.88,3154.88,311,52.35,53.83,49,171.98,164.44,7.54,51.12,2.67,2.55,159.8,147.48,12.32,52,2.48,2.29,256,302,46,9.61,90.23,99.84
"DAL","2015-2016",82,3920.02,3496.84,3163.11,333.73,52.51,53.52,48.41,158.37,149.67,8.7,51.41,2.42,2.29,162.17,146.21,15.96,52.59,2.48,2.24,249,262,13,8.6,90.96,99.56
"DAL","2016-2017",82,3977.24,3336.59,3330.24,6.35,50.05,50.34,50.24,145.37,147.31,-1.94,49.67,2.19,2.22,156.6,156.47,0.13,50.02,2.36,2.36,257,266,9,8.2,91.39,99.59
"DET","2007-2008",81,3518.74,2962.28,2071.93,890.35,58.84,50.51,35.33,133.3,98.57,34.73,57.49,2.27,1.68,133.02,98.25,34.77,57.52,2.27,1.68,301,320,19,7.63,91.96,99.59
"DET","2008-2009",81,3663.17,3263.69,2380.65,883.04,57.82,53.46,38.99,159.69,132.94,26.75,54.57,2.62,2.18,133.48,119.73,13.75,52.72,2.19,1.96,281,300,19,8.26,90.94,99.2
"DET","2009-2010",82,3855.5,3284.89,2827.58,457.31,53.74,51.12,44,130.85,143.12,-12.27,47.76,2.04,2.23,142.52,129.22,13.3,52.45,2.22,2.01,258,283,25,7.04,91.5,98.54
"DET","2010-2011",82,3854.52,3327.9,2951.84,376.06,52.99,51.8,45.95,159.16,156.37,2.79,50.44,2.48,2.43,147.19,135.37,11.82,52.09,2.29,2.11,261,248,-13,8.48,91.07,99.55
"DET","2011-2012",82,3875.85,3227.49,2678.35,549.14,54.65,49.96,41.46,170.35,118.89,51.46,58.9,2.64,1.84,143.15,125.29,17.86,53.33,2.22,1.94,240,266,26,9.21,92.29,101.5
"DET","2012-2013",48,2252.45,1781.29,1573.32,207.97,53.1,47.45,41.91,69.27,63.55,5.72,52.15,1.85,1.69,79.85,73.96,5.89,51.91,2.13,1.97,152,162,10,6.99,93.17,100.16
"DET","2013-2014",82,3843.28,2901.2,2723.48,177.72,51.58,45.29,42.52,137.54,134.73,2.81,50.52,2.15,2.1,124.8,124.93,-0.13,49.97,1.95,1.95,260,234,-26,8.21,91.74,99.95
"DET","2014-2015",82,3826.07,2904.23,2567.81,336.42,53.07,45.54,40.27,123.45,119.35,4.1,50.84,1.94,1.87,127.12,120.37,6.75,51.36,1.99,1.89,256,276,20,7.64,92.28,99.91
"DET","2015-2016",82,3863.17,2949.88,2808.89,140.99,51.22,45.82,43.63,120.91,132.03,-11.12,47.8,1.88,2.05,133.16,140.12,-6.96,48.73,2.07,2.18,251,260,9,7.28,92.23,99.51
"DET","2016-2017",82,3975.56,2864.25,3140.59,-276.34,47.7,43.23,47.4,134.46,152.63,-18.17,46.84,2.03,2.3,134.62,146.83,-12.21,47.83,2.03,2.22,239,264,25,8.25,91.42,99.67
"EDM","2007-2008",82,3630.25,2628.1,3007.65,-379.55,46.63,43.44,49.71,137.91,153.56,-15.65,47.32,2.28,2.54,125.95,135.5,-9.55,48.17,2.08,2.24,320,329,9,9.44,90.63,100.07
"EDM","2008-2009",82,3655.32,2778.55,3066.5,-287.95,47.54,45.61,50.33,141.6,137.55,4.05,50.73,2.32,2.26,130.95,139.1,-8.15,48.49,2.15,2.28,345,350,5,9.29,92.13,101.42
"EDM","2009-2010",82,3807.76,2827.67,3490.21,-662.54,44.76,44.56,55,135.93,178.11,-42.18,43.28,2.14,2.81,134.1,154.41,-20.31,46.48,2.11,2.43,319,341,22,8.46,90.55,99.01
"EDM","2010-2011",82,3770.84,2739.41,3252.68,-513.27,45.72,43.59,51.76,117.61,158.64,-41.03,42.57,1.87,2.52,124.13,154.68,-30.55,44.52,1.98,2.46,341,331,-10,8.04,90.97,99.02
"EDM","2011-2012",82,3863.42,2874.7,3222.43,-347.73,47.15,44.64,50.05,130.45,147.19,-16.74,46.99,2.03,2.29,136.7,152.87,-16.17,47.21,2.12,2.37,292,273,-19,8.29,91.65,99.94
"EDM","2012-2013",48,2244.12,1610.06,1968.75,-358.69,44.99,43.05,52.64,76.75,84.52,-7.77,47.59,2.05,2.26,74.03,93.3,-19.27,44.24,1.98,2.49,162,169,7,8.54,92.19,100.73
"EDM","2013-2014",82,3841.53,2715.96,3449.08,-733.12,44.05,42.42,53.87,121.9,169.48,-47.58,41.84,1.9,2.65,125.83,156.87,-31.04,44.51,1.97,2.45,301,298,-3,8.2,90.93,99.13
"EDM","2014-2015",82,4066.45,3065.39,3432.07,-366.68,47.18,45.23,50.64,127.03,190.8,-63.77,39.97,1.87,2.82,133.5,161.54,-28.04,45.25,1.97,2.38,234,235,1,7.74,89.62,97.35
"EDM","2015-2016",82,3912.91,3079.28,3244.92,-165.64,48.69,47.22,49.76,128.54,157.13,-28.59,45,1.97,2.41,140.88,142.95,-2.07,49.64,2.16,2.19,249,241,-8,7.71,91.17,98.88
"EDM","2016-2017",82,3994.56,3205.87,3140.82,65.05,50.51,48.15,47.18,156.79,132.83,23.96,54.14,2.36,2,160.09,151.75,8.34,51.34,2.4,2.28,243,253,10,8.65,92.2,100.85
"FLA","2007-2008",80,3545.59,2711.93,2839.46,-127.53,48.85,45.89,48.05,117.47,123.77,-6.3,48.69,1.99,2.09,117.49,132.1,-14.61,47.07,1.99,2.24,303,261,-42,7.34,92.8,100.14
"FLA","2008-2009",82,3768.73,2894.76,3242.95,-348.19,47.16,46.09,51.63,143.98,136.51,7.47,51.33,2.29,2.17,127.05,144.38,-17.33,46.81,2.02,2.3,276,289,13,8.77,92.96,101.74
"FLA","2009-2010",82,3810.72,2806.34,3491.35,-685.01,44.56,44.19,54.97,130.46,137.89,-7.43,48.62,2.05,2.17,121.58,142.28,-20.7,46.08,1.91,2.24,275,305,30,8.26,92.86,101.12
"FLA","2010-2011",82,3912.43,3196.67,3187.89,8.78,50.07,49.02,48.89,132.38,150.87,-18.49,46.74,2.03,2.31,136.41,127.81,8.6,51.63,2.09,1.96,232,249,17,7.46,91.66,99.12
"FLA","2011-2012",82,3959.77,3023.21,3103.93,-80.72,49.34,45.81,47.03,118.73,136.03,-17.3,46.6,1.8,2.06,115.77,131.64,-15.87,46.79,1.75,1.99,238,289,51,6.97,92.38,99.35
"FLA","2012-2013",48,2338.17,1727.27,1933.77,-206.5,47.18,44.32,49.62,62.2,113.11,-50.91,35.48,1.6,2.9,71.63,87.73,-16.1,44.95,1.84,2.25,157,158,1,6.35,89.9,96.25
"FLA","2013-2014",82,3877.65,3006.86,3039.71,-32.85,49.73,46.53,47.03,130.75,166.15,-35.4,44.04,2.02,2.57,132.97,138.81,-5.84,48.93,2.06,2.15,256,275,19,7.6,90.62,98.23
"FLA","2014-2015",82,3930.18,3065.13,2915.58,149.55,51.25,46.79,44.51,136.58,134.83,1.75,50.32,2.09,2.06,131,122.53,8.47,51.67,2,1.87,254,263,9,7.7,91.89,99.58
"FLA","2015-2016",82,3867.03,2746.72,2841.72,-95,49.15,42.62,44.09,153.88,119.01,34.87,56.39,2.39,1.85,124.27,128.33,-4.06,49.2,1.93,1.99,280,291,11,9.37,92.81,102.18
"FLA","2016-2017",82,3899.49,3050.8,3020.94,29.86,50.25,46.94,46.48,126.32,154.21,-27.89,45.03,1.94,2.37,128.48,140.8,-12.32,47.71,1.98,2.17,277,277,0,7.13,91.63,98.76
"L.A","2007-2008",82,3663.98,2591.67,3186.39,-594.72,44.85,42.44,52.18,127.87,166.77,-38.9,43.4,2.09,2.73,120.18,148.93,-28.75,44.66,1.97,2.44,280,325,45,8.8,90.69,99.48
"L.A","2008-2009",82,3599.65,2788.52,2761.81,26.71,50.24,46.48,46.03,111.56,126.81,-15.25,46.8,1.86,2.11,121.15,114.43,6.72,51.43,2.02,1.91,376,359,-17,7.47,91.59,99.06
"L.A","2009-2010",82,3760.06,2836.28,2769.01,67.27,50.6,45.26,44.19,129.84,123.57,6.27,51.24,2.07,1.97,124.59,120.17,4.42,50.9,1.99,1.92,312,310,-2,8.23,91.68,99.91
"L.A","2010-2011",82,3854.7,3124.55,2915.62,208.93,51.73,48.63,45.38,140.34,130.59,9.75,51.8,2.18,2.03,129.33,119.7,9.63,51.93,2.01,1.86,293,291,-2,8.66,91.86,100.52
"L.A","2011-2012",82,3805.74,3320.9,2735.88,585.02,54.83,52.36,43.13,108.41,109.96,-1.55,49.65,1.71,1.73,132.62,118.63,13.99,52.78,2.09,1.87,291,276,-15,6.18,92.63,98.81
"L.A","2012-2013",48,2282.41,1888.11,1465.57,422.54,56.3,49.63,38.53,81,76.78,4.22,51.34,2.13,2.02,80.34,66.51,13.83,54.71,2.11,1.75,163,156,-7,7.96,90.77,98.74
"L.A","2013-2014",82,3810.05,3408.58,2589.53,819.05,56.83,53.68,40.78,123.38,99.12,24.26,55.45,1.94,1.56,142.98,115.67,27.31,55.28,2.25,1.82,287,313,26,6.88,93.07,99.95
"L.A","2014-2015",82,3961,3400.14,2750.11,650.03,55.28,51.5,41.66,145.19,121.53,23.66,54.44,2.2,1.84,145.31,122.62,22.69,54.23,2.2,1.86,250,250,0,7.96,92.06,100.02
"L.A","2015-2016",82,3935.3,3556.58,2750.77,805.81,56.39,54.23,41.94,133.26,114.55,18.71,53.78,2.03,1.75,146.91,123.42,23.49,54.34,2.24,1.88,284,253,-31,7.19,92.55,99.74
"L.A","2016-2017",82,3974.87,3385.32,2866.8,518.52,54.15,51.1,43.27,118.17,126.87,-8.7,48.22,1.78,1.92,148.16,126.15,22.01,54.01,2.24,1.9,254,237,-17,6.59,91.67,98.25
"MIN","2007-2008",80,3507.04,2542.32,2607.08,-64.76,49.37,43.5,44.6,117.26,128.77,-11.51,47.66,2.01,2.2,95.87,111.72,-15.85,46.18,1.64,1.91,299,301,2,8.56,91.64,100.21
"MIN","2008-2009",82,3764.37,2678.32,2930.01,-251.69,47.76,42.69,46.7,117.06,129.57,-12.51,47.46,1.87,2.07,102.32,115.98,-13.66,46.87,1.63,1.85,278,290,12,7.89,92.24,100.12
"MIN","2009-2010",82,3747.44,2704.14,2986.76,-282.62,47.52,43.3,47.82,129.83,145.62,-15.79,47.13,2.08,2.33,114.58,116.16,-1.58,49.66,1.83,1.86,302,289,-13,8.81,91.22,100.03
"MIN","2010-2011",82,3827.34,2638.09,3208.87,-570.78,45.12,41.36,50.3,119.9,139.04,-19.14,46.3,1.88,2.18,109.43,132.05,-22.62,45.32,1.72,2.07,296,285,-11,8.32,92.25,100.57
"MIN","2011-2012",82,3865.37,2700.66,3383.93,-683.27,44.39,41.92,52.53,102.84,133.54,-30.7,43.51,1.6,2.07,119.07,132.14,-13.07,47.4,1.85,2.05,319,280,-39,6.92,92.45,99.37
"MIN","2012-2013",48,2269.37,1640.74,1698.01,-57.27,49.14,43.38,44.89,75.38,85.03,-9.65,46.99,1.99,2.25,73.92,67.97,5.95,52.1,1.95,1.8,164,153,-11,8.22,90.81,99.03
"MIN","2013-2014",82,3923.15,2741.26,2921.07,-179.81,48.41,41.92,44.67,125.28,109.74,15.54,53.31,1.92,1.68,112.03,110.9,1.13,50.25,1.71,1.7,264,270,6,8.3,92.95,101.25
"MIN","2014-2015",82,3911.92,3114.25,2963.67,150.58,51.24,47.77,45.46,158,139.21,18.79,53.16,2.42,2.14,139.11,112.86,26.25,55.21,2.13,1.73,230,249,19,9.09,91.23,100.31
"MIN","2015-2016",82,3914.91,2871.17,3129.63,-258.46,47.85,44,47.96,132.32,121.65,10.67,52.1,2.03,1.86,124.17,123.55,0.62,50.13,1.9,1.89,195,242,47,8.26,92.53,100.79
"MIN","2016-2017",82,4056.03,3206.83,3211.49,-4.66,49.96,47.44,47.51,176.91,138.97,37.94,56.01,2.62,2.06,147.36,124.18,23.18,54.27,2.18,1.84,220,250,30,9.59,92.13,101.72
"MTL","2007-2008",77,3320.5,2529.25,2881.87,-352.62,46.74,45.7,52.07,118.67,120.75,-2.08,49.57,2.14,2.18,108.12,125.63,-17.51,46.25,1.95,2.27,270,301,31,8.8,92.13,100.93
"MTL","2008-2009",82,3595.46,2864.89,3076.3,-211.41,48.22,47.81,51.34,136.06,138.64,-2.58,49.53,2.27,2.31,124.23,137.9,-13.67,47.39,2.07,2.3,350,370,20,8.73,91.93,100.66
"MTL","2009-2010",82,3856.75,2981.36,3352.63,-371.27,47.07,46.38,52.16,126.85,133.88,-7.03,48.65,1.97,2.08,124.07,144.27,-20.2,46.24,1.93,2.24,297,280,-17,8.11,92.57,100.68
"MTL","2010-2011",82,3778.95,3310.66,3089.88,220.78,51.72,52.56,49.06,128.85,130.01,-1.16,49.78,2.05,2.06,136.57,136.45,0.12,50.02,2.17,2.17,324,314,-10,7.11,92.3,99.41
"MTL","2011-2012",82,3768.73,2950.62,3108.02,-157.4,48.7,46.98,49.48,134.49,137.36,-2.87,49.47,2.14,2.19,117.55,127.87,-10.32,47.9,1.87,2.04,292,298,6,8.65,91.75,100.4
"MTL","2012-2013",48,2187,1846.86,1629.32,217.54,53.13,50.67,44.7,92.78,73.59,19.19,55.77,2.55,2.02,80.59,64.14,16.45,55.68,2.21,1.76,189,203,14,9.44,91.52,100.96
"MTL","2013-2014",82,3819.09,2977.8,3323.1,-345.3,47.26,46.78,52.21,123.59,127.21,-3.62,49.28,1.94,2,131.29,139.49,-8.2,48.49,2.06,2.19,321,321,0,7.76,92.67,100.42
"MTL","2014-2015",82,3932.83,3111.46,3246.51,-135.05,48.94,47.47,49.53,139.19,115.67,23.52,54.61,2.12,1.76,131.15,135.7,-4.55,49.15,2,2.07,263,247,-16,8.35,93.24,101.59
"MTL","2015-2016",81,3876.61,3186.68,3030.33,156.35,51.26,49.32,46.9,136.42,142.81,-6.39,48.86,2.11,2.21,139.52,133.83,5.69,51.04,2.16,2.07,247,261,14,7.74,91.49,99.23
"MTL","2016-2017",82,4024.6,3456.17,3073.9,382.27,52.93,51.53,45.83,148.09,124.55,23.54,54.32,2.21,1.86,152.44,134.43,18.01,53.14,2.27,2,251,243,-8,8.04,92.7,100.74
"N.J","2007-2008",80,3454.7,2521.97,2316.55,205.42,52.12,43.8,40.23,104.83,104,0.83,50.2,1.82,1.81,111.99,105.53,6.46,51.48,1.95,1.83,300,314,14,7.43,92.33,99.76
"N.J","2008-2009",82,3749.89,3048.2,2719.79,328.41,52.85,48.77,43.52,140.68,115.9,24.78,54.83,2.25,1.85,133.68,117.48,16.2,53.23,2.14,1.88,341,333,-8,7.88,92.76,100.64
"N.J","2009-2010",82,3932.43,2876.12,2820.26,55.86,50.49,43.88,43.03,131.92,123.96,7.96,51.56,2.01,1.89,125.38,119.4,5.98,51.22,1.91,1.82,260,282,22,7.73,92.3,100.03
"N.J","2010-2011",82,3967.53,2825.73,2691.49,134.24,51.22,42.73,40.7,108.83,143.28,-34.45,43.17,1.65,2.17,125.72,119.18,6.54,51.34,1.9,1.8,247,249,2,6.56,90.84,97.41
"N.J","2011-2012",82,3945.62,2652.63,2624.29,28.34,50.27,40.34,39.91,131.21,135.65,-4.44,49.17,2,2.06,123.03,115.3,7.73,51.62,1.87,1.75,285,267,-18,8.45,91.18,99.63
"N.J","2012-2013",48,2251.2,1655.48,1339.22,316.26,55.28,44.12,35.69,63.04,68.68,-5.64,47.86,1.68,1.83,73.14,60.58,12.56,54.7,1.95,1.61,177,176,-1,7.03,91.16,98.18
"N.J","2013-2014",82,3926.88,2838.2,2398.5,439.7,54.2,43.37,36.65,116.69,129.05,-12.36,47.49,1.78,1.97,132.44,106.03,26.41,55.54,2.02,1.62,245,217,-28,7.49,90.92,98.41
"N.J","2014-2015",82,3944.64,2611.65,2913.07,-301.42,47.27,39.72,44.31,111.63,119.95,-8.32,48.2,1.7,1.82,116.58,131.19,-14.61,47.05,1.77,2,255,221,-34,7.72,92.97,100.68
"N.J","2015-2016",82,3873.76,2372.82,2784.68,-411.86,46.01,36.75,43.13,104.83,121.55,-16.72,46.31,1.62,1.88,112.35,124.67,-12.32,47.4,1.74,1.93,276,240,-36,7.73,92.29,100.01
"N.J","2016-2017",82,3932.12,2777.61,3077.58,-299.97,47.44,42.38,46.96,108.79,139.54,-30.75,43.81,1.66,2.13,131.17,141.18,-10.01,48.16,2,2.15,270,270,0,6.79,92.21,98.99
"NSH","2007-2008",81,3513,2657.56,2576.88,80.68,50.77,45.39,44.01,138.26,132.22,6.04,51.12,2.36,2.26,131.28,118.85,12.43,52.48,2.24,2.03,304,327,23,8.92,91.61,100.53
"NSH","2008-2009",82,3709.65,2789.94,2903.62,-113.68,49,45.12,46.96,125.4,133,-7.6,48.53,2.03,2.15,128.3,137.92,-9.62,48.19,2.08,2.23,319,299,-20,7.94,92.01,99.94
"NSH","2009-2010",82,3905.33,3139.07,2934.48,204.59,51.68,48.23,45.08,140.08,131.98,8.1,51.49,2.15,2.03,140.08,134.2,5.88,51.07,2.15,2.06,230,250,20,8.01,92.12,100.13
"NSH","2010-2011",82,3900.23,2973.4,2985.56,-12.16,49.9,45.74,45.93,143.15,123.59,19.56,53.67,2.2,1.9,137.51,133.95,3.56,50.66,2.12,2.06,242,235,-7,8.45,92.94,101.39
"NSH","2011-2012",82,3992.6,2875.13,3214.98,-339.85,47.21,43.21,48.31,146.07,142.46,3.61,50.63,2.2,2.14,139.1,131.08,8.02,51.48,2.09,1.97,212,221,9,8.85,92.05,100.91
"NSH","2012-2013",48,2331.31,1569.43,1794.74,-225.31,46.65,40.39,46.19,72.11,80.6,-8.49,47.22,1.86,2.07,74.18,71.18,3,51.03,1.91,1.83,148,158,10,8.22,91.52,99.74
"NSH","2013-2014",82,3991.77,2963.54,3159.21,-195.67,48.4,44.54,47.49,144.67,162.21,-17.54,47.14,2.17,2.44,129.96,121.73,8.23,51.63,1.95,1.83,268,258,-10,8.46,90.56,99.02
"NSH","2014-2015",82,3933.01,3299.09,2979.52,319.57,52.54,50.33,45.45,157.52,121.17,36.35,56.52,2.4,1.85,140.33,118.16,22.17,54.29,2.14,1.8,234,249,15,8.67,92.52,101.19
"NSH","2015-2016",82,3923.97,3187.14,2883.1,304.04,52.5,48.73,44.08,135.84,130.92,4.92,50.92,2.08,2,135.23,116,19.23,53.83,2.07,1.77,255,262,7,7.84,91.68,99.52
"NSH","2016-2017",82,3935.37,3299.06,3108.63,190.43,51.49,50.3,47.4,150.6,136.53,14.07,52.45,2.3,2.08,141.65,133.28,8.37,51.52,2.16,2.03,267,271,4,8.27,92.07,100.34
"NYI","2007-2008",77,3376.99,2696.08,2667.63,28.45,50.27,47.9,47.4,106.84,118.08,-11.24,47.5,1.9,2.1,123.44,125.01,-1.57,49.68,2.19,2.22,320,289,-31,7.13,92.05,99.18
"NYI","2008-2009",82,3665.53,2863.39,3437.71,-574.32,45.44,46.87,56.27,111.58,161.27,-49.69,40.89,1.83,2.64,126.3,148.16,-21.86,46.02,2.07,2.43,348,326,-22,7.15,91.13,98.28
"NYI","2009-2010",81,3678.77,2969.7,3206.17,-236.47,48.09,48.44,52.29,133.95,151.06,-17.11,47,2.18,2.46,144.05,143.37,0.68,50.12,2.35,2.34,305,313,8,8.13,91.13,99.25
"NYI","2010-2011",82,3786.74,2976.3,3437.79,-461.49,46.4,47.16,54.47,133.84,165.93,-32.09,44.65,2.12,2.63,139.67,167.59,-27.92,45.46,2.21,2.66,378,344,-34,8.3,90.76,99.06
"NYI","2011-2012",82,4008.1,3071.01,3430.67,-359.66,47.23,45.97,51.36,122.9,166.27,-43.37,42.5,1.84,2.49,151.95,159.8,-7.85,48.74,2.27,2.39,237,251,14,7.14,90.61,97.75
"NYI","2012-2013",48,2350.29,1906.44,1914.82,-8.38,49.89,48.67,48.88,86.83,92.34,-5.51,48.46,2.22,2.36,93.69,86.38,7.31,52.03,2.39,2.21,151,162,11,8.18,90.33,98.52
"NYI","2013-2014",82,3894.2,3127.31,3254.05,-126.74,49.01,48.18,50.14,131.15,159.57,-28.42,45.11,2.02,2.46,151.57,158.92,-7.35,48.82,2.34,2.45,307,300,-7,7.6,90.8,98.4
"NYI","2014-2015",82,3962.6,3561.38,3161.22,400.16,52.98,53.92,47.87,158.46,144.18,14.28,52.36,2.4,2.18,185.25,148.87,36.38,55.44,2.8,2.25,217,267,50,8.17,91.27,99.44
"NYI","2015-2016",82,4014.42,3234.58,3272.67,-38.09,49.71,48.34,48.91,144.43,135.9,8.53,51.52,2.16,2.03,148.69,154.12,-5.43,49.1,2.22,2.3,241,245,4,8.41,92.33,100.74
"NYI","2016-2017",82,4035.57,3213.63,3549.03,-335.4,47.52,47.78,52.77,169.69,163.23,6.46,50.97,2.52,2.43,159.11,164.91,-5.8,49.1,2.37,2.45,231,228,-3,9.47,91.34,100.81
"NYR","2007-2008",80,3529.07,2759.79,2424.14,335.65,53.24,46.92,41.21,119.13,103.2,15.93,53.58,2.03,1.75,136.57,118.07,18.5,53.63,2.32,2.01,316,343,27,7.53,92.3,99.83
"NYR","2008-2009",82,3622.16,3076.47,2817.75,258.72,52.19,50.96,46.68,116.52,131.65,-15.13,46.95,1.93,2.18,151.29,140.36,10.93,51.87,2.51,2.33,347,355,8,6.76,91.75,98.51
"NYR","2009-2010",82,3749.57,3039.12,3032.81,6.31,50.05,48.63,48.53,138.68,127.63,11.05,52.07,2.22,2.04,143.86,147.86,-4,49.31,2.3,2.37,333,330,-3,8.39,92.3,100.7
"NYR","2010-2011",82,3829.84,3022.56,3127.03,-104.47,49.15,47.35,48.99,144.27,129.09,15.18,52.78,2.26,2.02,164.06,142.79,21.27,53.47,2.57,2.24,325,343,18,8.53,92.34,100.88
"NYR","2011-2012",82,3885.46,2875.23,3102.89,-227.66,48.1,44.4,47.92,137.04,124.05,12.99,52.49,2.12,1.92,152.54,140.2,12.34,52.11,2.36,2.16,309,316,7,8.39,92.31,100.7
"NYR","2012-2013",48,2328.9,1950.23,1818.33,131.9,51.75,50.24,46.85,85.36,65.06,20.3,56.75,2.2,1.68,96.08,81.9,14.18,53.98,2.48,2.11,148,157,9,7.86,92.99,100.86
"NYR","2013-2014",82,3904.22,3318.8,3045.23,273.57,52.15,51,46.8,134.43,123.25,11.18,52.17,2.07,1.89,155.08,145.82,9.26,51.54,2.38,2.24,250,285,35,7.12,92.69,99.81
"NYR","2014-2015",82,4009.65,3231.4,3216.5,14.9,50.12,48.35,48.13,170.74,132.38,38.36,56.33,2.55,1.98,158.4,158.59,-0.19,49.97,2.37,2.37,230,225,-5,9.22,92.52,101.74
"NYR","2015-2016",82,4001.17,3021.92,3311.16,-289.24,47.72,45.32,49.65,154.16,121.56,32.6,55.91,2.31,1.82,141.8,154.47,-12.67,47.86,2.13,2.32,244,235,-9,9.37,93.11,102.48
"NYR","2016-2017",82,3994.7,3050.93,3310.85,-259.92,47.96,45.82,49.73,157.77,145.33,12.44,52.05,2.37,2.18,148.4,156.31,-7.91,48.7,2.23,2.35,217,223,6,9.31,91.87,101.18
"OTT","2007-2008",75,3296.21,2614.31,2494.91,119.4,51.17,47.59,45.41,153.53,126.43,27.1,54.84,2.79,2.3,122.95,120.22,2.73,50.56,2.24,2.19,350,278,-72,10.36,91.23,101.59
"OTT","2008-2009",82,3665.18,2722.99,2842.16,-119.17,48.93,44.58,46.53,118.9,135.52,-16.62,46.73,1.95,2.22,122.98,125.56,-2.58,49.48,2.01,2.06,344,346,2,7.73,91.34,99.07
"OTT","2009-2010",82,3795.34,3015.48,2856.36,159.12,51.35,47.67,45.16,134.95,165.37,-30.42,44.94,2.13,2.61,139.05,124.35,14.7,52.79,2.2,1.97,344,313,-31,8.12,89.27,97.4
"OTT","2010-2011",82,3867.18,2979.32,3089.15,-109.83,49.1,46.22,47.93,118.52,164.62,-46.1,41.86,1.84,2.55,130.93,137.82,-6.89,48.72,2.03,2.14,325,301,-24,7.09,90.6,97.69
"OTT","2011-2012",82,3856.17,3342.35,3138.6,203.75,51.57,52.01,48.83,150.94,148.32,2.62,50.44,2.35,2.31,140.9,150.89,-9.99,48.29,2.19,2.35,344,305,-39,8.36,91.73,100.1
"OTT","2012-2013",48,2244,2002.02,1742.75,259.27,53.46,53.53,46.6,68.39,69.44,-1.05,49.62,1.83,1.86,83.25,73.7,9.55,53.04,2.23,1.97,189,181,-8,6.3,93.04,99.35
"OTT","2013-2014",82,3798.94,3398.68,3157.57,241.11,51.84,53.68,49.87,149.86,155.29,-5.43,49.11,2.37,2.45,141.79,154.1,-12.31,47.92,2.24,2.43,336,308,-28,7.99,91.93,99.92
"OTT","2014-2015",82,3866.19,3161.96,3080.81,81.15,50.65,49.07,47.81,144.36,136.07,8.29,51.48,2.24,2.11,141.04,135.22,5.82,51.05,2.19,2.1,274,280,6,8.41,92.57,100.98
"OTT","2015-2016",81,3903.02,2970.67,3297.99,-327.32,47.39,45.67,50.7,142.63,139.62,3.01,50.53,2.19,2.15,128.96,141.73,-12.77,47.64,1.98,2.18,263,256,-7,8.86,92.51,101.37
"OTT","2016-2017",82,3920.95,3072.94,3282.96,-210.02,48.35,47.02,50.24,125.77,138.72,-12.95,47.55,1.92,2.12,135.53,140.94,-5.41,49.02,2.07,2.16,278,283,5,7.36,91.9,99.26
"PHI","2007-2008",80,3352.95,2511.04,2753.37,-242.33,47.7,44.93,49.27,119.04,127.41,-8.37,48.3,2.13,2.28,116.93,125.71,-8.78,48.19,2.09,2.25,410,399,-11,8.38,91.91,100.29
"PHI","2008-2009",82,3596.58,2857.11,3088.35,-231.24,48.06,47.66,51.52,145.58,146.36,-0.78,49.87,2.43,2.44,127.63,136.54,-8.91,48.31,2.13,2.28,425,366,-59,8.94,91.41,100.36
"PHI","2009-2010",82,3654.02,3053.86,2975.82,78.04,50.65,50.15,48.86,136.33,137.09,-0.76,49.86,2.24,2.25,145.9,137.05,8.85,51.56,2.4,2.25,404,391,-13,8.03,91.53,99.57
"PHI","2010-2011",82,3775.75,3183.54,3201.98,-18.44,49.86,50.59,50.88,165.46,135.58,29.88,54.96,2.63,2.15,150.6,145.55,5.05,50.85,2.39,2.31,317,303,-14,9.14,92.09,101.24
"PHI","2011-2012",82,3704.9,3129.93,2968.25,161.68,51.33,50.69,48.07,156.73,138.58,18.15,53.07,2.54,2.24,152.02,138.51,13.51,52.33,2.46,2.24,385,384,-1,9,91.27,100.27
"PHI","2012-2013",48,2201.87,1717.95,1856.14,-138.19,48.07,46.81,50.58,80.88,91.2,-10.32,47,2.2,2.49,76.23,80.49,-4.26,48.64,2.08,2.19,215,219,4,8.67,90.41,99.08
"PHI","2013-2014",82,3743.03,3076.04,3101.88,-25.84,49.79,49.31,49.72,136.66,144.99,-8.33,48.52,2.19,2.32,127.67,130.35,-2.68,49.48,2.05,2.09,341,329,-12,8.43,91.74,100.18
"PHI","2014-2015",82,3930.85,3041.84,3152.34,-110.5,49.11,46.43,48.12,125.18,129.18,-4,49.21,1.91,1.97,122.31,137.71,-15.4,47.04,1.87,2.1,277,238,-39,7.79,92.49,100.28
"PHI","2015-2016",82,3850.73,3199.53,3167.9,31.63,50.25,49.85,49.36,124.34,124.98,-0.64,49.87,1.94,1.95,134.86,140.46,-5.6,48.98,2.1,2.19,295,304,9,7.4,92.89,100.29
"PHI","2016-2017",82,3910.54,3233.09,3161.42,71.67,50.56,49.61,48.51,120.32,146.65,-26.33,45.07,1.85,2.25,134.85,139.68,-4.83,49.12,2.07,2.14,266,292,26,7.07,91.24,98.31
"PIT","2007-2008",79,3397.83,2419.01,2797.78,-378.77,46.37,42.72,49.4,131.44,108.63,22.81,54.75,2.32,1.92,119.03,117.98,1.05,50.22,2.1,2.08,336,352,16,9.46,92.94,102.4
"PIT","2008-2009",82,3618.58,2780.33,2952.78,-172.45,48.5,46.1,48.96,159.24,126.44,32.8,55.74,2.64,2.1,118.28,118.58,-0.3,49.94,1.96,1.97,355,362,7,10.39,92.05,102.45
"PIT","2009-2010",81,3640.51,3180.02,2902.92,277.1,52.28,52.41,47.84,159.36,151.53,7.83,51.26,2.63,2.5,139.16,125.85,13.31,52.51,2.29,2.07,365,355,-10,9,90.21,99.21
"PIT","2010-2011",82,3713.62,3196.74,2811.07,385.67,53.21,51.65,45.42,137.35,122.85,14.5,52.79,2.22,1.98,130.27,124.59,5.68,51.11,2.1,2.01,400,389,-11,7.82,92.17,99.99
"PIT","2011-2012",82,3869.34,3403.38,2836.93,566.45,54.54,52.77,43.99,178.89,152.21,26.68,54.03,2.77,2.36,151.29,131.8,19.49,53.44,2.35,2.04,282,305,23,9.38,90.26,99.63
"PIT","2012-2013",48,2263.18,1825.86,1840.15,-14.29,49.81,48.41,48.78,101.2,70.39,30.81,58.98,2.68,1.87,81.58,74.83,6.75,52.16,2.16,1.98,186,180,-6,9.93,92.88,102.81
"PIT","2013-2014",82,3906.75,2964.46,3056.49,-92.03,49.24,45.53,46.94,145.35,137.43,7.92,51.4,2.23,2.11,125.37,120.75,4.62,50.94,1.93,1.85,264,299,35,8.61,91.42,100.02
"PIT","2014-2015",82,3861.28,3140.46,2804.79,335.67,52.82,48.8,43.58,140.62,123.88,16.74,53.16,2.19,1.92,135.56,126.33,9.23,51.76,2.11,1.96,347,309,-38,7.98,92.16,100.14
"PIT","2015-2016",82,3905.87,3297.94,2948.09,349.85,52.8,50.66,45.29,153.11,123.98,29.13,55.26,2.35,1.9,155.07,122.25,32.82,55.92,2.38,1.88,263,258,-5,8.03,92.56,100.59
"PIT","2016-2017",82,3953.63,3351.69,3304.57,47.12,50.35,50.87,50.15,179.3,144.25,35.05,55.42,2.72,2.19,171.45,157.09,14.36,52.19,2.6,2.38,247,270,23,9.14,92.2,101.35
"S.J","2007-2008",81,3519.37,2665.65,2260.89,404.76,54.11,45.45,38.54,123.82,109.55,14.27,53.06,2.11,1.87,125.34,98.02,27.32,56.12,2.14,1.67,305,336,31,8.16,91.04,99.19
"S.J","2008-2009",82,3740.73,3095.94,2563.25,532.69,54.71,49.66,41.11,127.41,115.8,11.61,52.39,2.04,1.86,149.5,115.37,34.13,56.44,2.4,1.85,311,351,40,7.17,92,99.17
"S.J","2009-2010",81,3695.41,3126.79,2932.43,194.36,51.6,50.77,47.61,157.18,124.84,32.34,55.73,2.55,2.03,148.61,135.48,13.13,52.31,2.41,2.2,331,326,-5,9.29,92.58,101.87
"S.J","2010-2011",82,3908.6,3468.63,2954.67,513.96,54,53.25,45.36,144.97,122.91,22.06,54.12,2.23,1.89,162.84,127.98,34.86,55.99,2.5,1.96,279,297,18,7.59,92.46,100.05
"S.J","2011-2012",82,3976.16,3425.56,3183.26,242.3,51.83,51.69,48.04,137.99,125.64,12.35,52.34,2.08,1.9,152.61,128.26,24.35,54.33,2.3,1.94,235,271,36,7.24,92.45,99.7
"S.J","2012-2013",48,2306.82,1966.95,1853.59,113.36,51.48,51.16,48.21,74.98,71.54,3.44,51.17,1.95,1.86,87.95,74.1,13.85,54.27,2.29,1.93,140,166,26,7.19,92.55,99.75
"S.J","2013-2014",82,3939.32,3635.31,3011.28,624.03,54.69,55.37,45.86,154.61,133.64,20.97,53.64,2.35,2.04,168.97,124.98,43.99,57.48,2.57,1.9,233,278,45,7.94,91.57,99.5
"S.J","2014-2015",82,3968.1,3412.56,3189.51,223.05,51.69,51.6,48.23,129.9,145.85,-15.95,47.11,1.96,2.21,150.16,142.38,7.78,51.33,2.27,2.15,235,255,20,7.39,91.39,98.77
"S.J","2015-2016",82,3954.49,3215.56,2971.32,244.24,51.97,48.79,45.08,138.58,126.02,12.56,52.37,2.1,1.91,149.12,122.55,26.57,54.89,2.26,1.86,239,269,30,8.01,91.8,99.81
"S.J","2016-2017",81,3960.88,3364.89,3177.91,186.98,51.43,50.97,48.14,140.98,127.71,13.27,52.47,2.14,1.93,154.56,142.08,12.48,52.1,2.34,2.15,215,234,19,8.14,92.01,100.15
"STL","2007-2008",81,3561.24,2408.7,2652.74,-244.04,47.59,40.58,44.69,129.15,132.92,-3.77,49.28,2.18,2.24,112.44,120.29,-7.85,48.31,1.89,2.03,350,348,-2,9.05,90.88,99.92
"STL","2008-2009",82,3611.34,2571.4,2777.71,-206.31,48.07,42.72,46.15,125.39,132.94,-7.55,48.54,2.08,2.21,116.13,119.24,-3.11,49.34,1.93,1.98,371,364,-7,8.51,91.27,99.78
"STL","2009-2010",82,3664.08,2902.14,2762.43,139.71,51.23,47.52,45.24,136.6,136.2,0.4,50.07,2.24,2.23,126.81,129,-2.19,49.57,2.08,2.11,403,357,-46,8.41,91.43,99.85
"STL","2010-2011",82,3890.42,3190.82,2952.72,238.1,51.94,49.21,45.54,155.04,150.8,4.24,50.69,2.39,2.33,137.29,132.01,5.28,50.98,2.12,2.04,334,350,16,8.98,90.57,99.56
"STL","2011-2012",82,3843.48,3192.51,2792.18,400.33,53.34,49.84,43.59,127.29,95.65,31.64,57.1,1.99,1.49,139.77,116.7,23.07,54.5,2.18,1.82,315,305,-10,7.23,93.65,100.88
"STL","2012-2013",48,2269.53,1692.35,1555.96,136.39,52.1,44.74,41.14,74.8,73.68,1.12,50.38,1.98,1.95,69.04,68.24,0.8,50.29,1.83,1.8,167,178,11,7.99,90.92,98.91
"STL","2013-2014",82,3836.95,3122.45,2721.45,401,53.43,48.83,42.56,147.44,120.93,26.51,54.94,2.31,1.89,132.36,113.46,18.9,53.84,2.07,1.77,315,316,1,8.82,91.8,100.62
"STL","2014-2015",82,3938.2,3172.06,2902.23,269.83,52.22,48.33,44.22,157.07,128.47,28.6,55.01,2.39,1.96,138.78,122.26,16.52,53.16,2.11,1.86,292,281,-11,8.82,91.79,100.61
"STL","2015-2016",82,3906.71,3159.32,2892.9,266.42,52.2,48.52,44.43,131,118.42,12.58,52.52,2.01,1.82,137.93,127.64,10.29,51.94,2.12,1.96,273,247,-26,7.35,92.7,100.05
"STL","2016-2017",82,3942.63,2973.34,2947.84,25.5,50.22,45.25,44.86,145.55,130.37,15.18,52.75,2.22,1.98,126.43,123.25,3.18,50.64,1.92,1.88,253,242,-11,8.84,91.94,100.78
"T.B","2007-2008",79,3630.55,2644.83,2729.72,-84.89,49.21,43.71,45.11,123.73,161.42,-37.69,43.39,2.04,2.67,112.36,117.85,-5.49,48.81,1.86,1.95,291,270,-21,8.23,89.24,97.47
"T.B","2008-2009",82,3581.3,2602.77,2889.89,-287.12,47.39,43.61,48.42,124.31,135.33,-11.02,47.88,2.08,2.27,114.29,121.01,-6.72,48.57,1.91,2.03,380,322,-58,8.24,91.85,100.08
"T.B","2009-2010",82,3666.72,2664.92,2969.97,-305.05,47.29,43.61,48.6,127.06,148.5,-21.44,46.11,2.08,2.43,117.99,133.68,-15.69,46.88,1.93,2.19,386,377,-9,8.3,91.18,99.48
"T.B","2010-2011",82,3753.95,3179.6,2898.11,281.49,52.32,50.82,46.32,148.47,143.36,5.11,50.88,2.37,2.29,143.81,115.93,27.88,55.37,2.3,1.85,287,320,33,8.26,90.66,98.92
"T.B","2011-2012",82,3904.18,2847.48,3220.24,-372.76,46.93,43.76,49.49,161.16,174.96,-13.8,47.95,2.48,2.69,125.61,139.45,-13.84,47.39,1.93,2.14,271,257,-14,10.29,89.78,100.08
"T.B","2012-2013",48,2281.17,1693.82,1888.31,-194.49,47.29,44.55,49.67,95.66,95.83,-0.17,49.96,2.52,2.52,73.35,77.72,-4.37,48.55,1.93,2.04,178,187,9,10.05,90.71,100.76
"T.B","2013-2014",82,3882.4,3130.73,2982.33,148.4,51.21,48.38,46.09,142.39,124.26,18.13,53.4,2.2,1.92,128.22,126.24,1.98,50.39,1.98,1.95,279,277,-2,8.12,92.31,100.43
"T.B","2014-2015",82,3833.55,3139.63,2765.42,374.21,53.17,49.14,43.28,167.56,129.68,37.88,56.37,2.62,2.03,135,113.57,21.43,54.31,2.11,1.78,259,284,25,9.49,91.38,100.87
"T.B","2015-2016",82,3824.63,3102.17,2846.57,255.6,52.15,48.67,44.66,139.48,116.72,22.76,54.44,2.19,1.83,120.77,114.93,5.84,51.24,1.89,1.8,273,293,20,8.3,92.7,101
"T.B","2016-2017",82,3906.7,3118.14,3002.5,115.64,50.94,47.89,46.11,132.15,138.55,-6.4,48.82,2.03,2.13,131.98,128.76,3.22,50.62,2.03,1.98,283,293,10,7.74,91.95,99.69
"TOR","2007-2008",78,3342.16,2760.73,2580.1,180.63,51.69,49.56,46.32,136.39,132.91,3.48,50.65,2.45,2.39,126.92,121.55,5.37,51.08,2.28,2.18,289,304,15,9.01,90.48,99.48
"TOR","2008-2009",81,3705.77,3085.9,3217.32,-131.42,48.96,49.96,52.09,142.44,173.79,-31.35,45.04,2.31,2.81,136.37,142.91,-6.54,48.83,2.21,2.31,334,347,13,8.52,89.6,98.12
"TOR","2009-2010",82,3786.18,3400.63,3174.29,226.34,51.72,53.89,50.3,139.89,151.76,-11.87,47.97,2.22,2.4,150.78,133.37,17.41,53.06,2.39,2.11,332,331,-1,7.79,90.98,98.77
"TOR","2010-2011",82,3812.36,3134.9,3461.32,-326.42,47.53,49.34,54.48,141.85,149.9,-8.05,48.62,2.23,2.36,126.72,143.56,-16.84,46.88,1.99,2.26,295,311,16,8.85,91.72,100.58
"TOR","2011-2012",82,3977.49,3212.85,3388.99,-176.14,48.67,48.47,51.12,147.49,171.98,-24.49,46.17,2.22,2.59,140.22,154.51,-14.29,47.58,2.12,2.33,257,277,20,8.94,90.52,99.46
"TOR","2012-2013",48,2273.28,1738.26,2086.15,-347.89,45.45,45.88,55.06,100.42,88.25,12.17,53.23,2.65,2.33,71.56,89.94,-18.38,44.31,1.89,2.37,205,198,-7,11.11,92,103.11
"TOR","2013-2014",82,3917.6,2871.5,3741.51,-870.01,43.42,43.98,57.3,140.39,152.91,-12.52,47.87,2.15,2.34,126.75,163.47,-36.72,43.67,1.94,2.5,316,301,-15,8.87,92.49,101.36
"TOR","2014-2015",82,3855.12,2922.57,3386.55,-463.98,46.32,45.49,52.71,135.87,165.8,-29.93,45.04,2.11,2.58,129.25,161.78,-32.53,44.41,2.01,2.52,265,289,24,8.35,91.19,99.54
"TOR","2015-2016",82,3866.87,3224.99,3149.28,75.71,50.59,50.04,48.87,113.16,153.19,-40.03,42.49,1.76,2.38,135.09,139.16,-4.07,49.26,2.1,2.16,274,259,-15,6.72,91.52,98.24
"TOR","2016-2017",82,3967.96,3455.69,3335.9,119.79,50.88,52.25,50.44,159.16,155.63,3.53,50.56,2.41,2.35,169.62,163.68,5.94,50.89,2.56,2.48,267,248,-19,8.66,91.68,100.33
"VAN","2007-2008",82,3494.45,2420.34,2618.2,-197.86,48.04,41.56,44.95,110.8,115.29,-4.49,49.01,1.9,1.98,107.98,116.1,-8.12,48.19,1.85,1.99,363,378,15,8.21,92.08,100.29
"VAN","2008-2009",81,3536.45,2590.64,2638.12,-47.48,49.55,43.95,44.76,140.19,109.48,30.71,56.15,2.38,1.86,119.9,120.48,-0.58,49.88,2.03,2.04,385,392,7,9.62,92.74,102.36
"VAN","2009-2010",82,3670.41,2943.32,2721.31,222.01,51.96,48.11,44.49,158.57,132.12,26.45,54.55,2.59,2.16,133.07,125.23,7.84,51.52,2.18,2.05,361,352,-9,9.62,91.61,101.24
"VAN","2010-2011",82,3806.85,3253.81,2901.88,351.93,52.86,51.28,45.74,152.68,118.93,33.75,56.21,2.41,1.87,140.42,138.56,1.86,50.33,2.21,2.18,301,284,-17,8.57,92.8,101.37
"VAN","2011-2012",82,3839.8,3245.95,2847.04,398.91,53.27,50.72,44.49,149.45,126.55,22.9,54.15,2.34,1.98,132.79,139.56,-6.77,48.76,2.07,2.18,302,293,-9,8.56,92.64,101.2
"VAN","2012-2013",48,2257.72,1717.16,1648.11,69.05,51.03,45.63,43.8,78.96,76.08,2.88,50.93,2.1,2.02,77.65,76.48,1.17,50.38,2.06,2.03,167,186,19,8.59,92.13,100.72
"VAN","2013-2014",82,3887.38,3240.13,3089.38,150.75,51.19,50.01,47.68,134.12,137.22,-3.1,49.43,2.07,2.12,136.41,133.8,2.61,50.48,2.11,2.07,310,292,-18,7.76,91.76,99.52
"VAN","2014-2015",82,3893.2,3037.48,3095.06,-57.58,49.53,46.81,47.7,142.87,152.97,-10.1,48.29,2.2,2.36,133.84,146.15,-12.31,47.8,2.06,2.25,295,269,-26,8.3,91.03,99.33
"VAN","2015-2016",82,3945.79,2846.67,3228.34,-381.67,46.86,43.29,49.09,116.91,145,-28.09,44.64,1.78,2.2,122.96,152.35,-29.39,44.66,1.87,2.32,249,261,12,7.23,92.22,99.45
"VAN","2016-2017",82,4046.86,2895.64,3252.81,-357.17,47.1,42.93,48.23,122.86,149.9,-27.04,45.04,1.82,2.22,127.89,153.01,-25.12,45.53,1.9,2.27,221,227,6,7.6,92.07,99.67
"WPG","2011-2012",82,3897.03,3190.25,3175.17,15.08,50.12,49.12,48.89,142.61,151.28,-8.67,48.52,2.2,2.33,149.01,144.73,4.28,50.73,2.29,2.23,285,271,-14,8.09,91.22,99.31
"WPG","2012-2013",48,2354.72,1934.01,1968.64,-34.63,49.56,49.28,50.16,86.53,96.1,-9.57,47.38,2.2,2.45,85.49,89.99,-4.5,48.72,2.18,2.29,157,149,-8,8.76,90.87,99.63
"WPG","2013-2014",82,3881.86,3181.81,3192.79,-10.98,49.91,49.18,49.35,143.3,152.29,-8.99,48.48,2.21,2.35,151.39,145.28,6.11,51.03,2.34,2.25,306,269,-37,8.19,91.19,99.38
"WPG","2014-2015",82,3773.4,3098.96,2725.77,373.19,53.2,49.28,43.34,138.06,117.74,20.32,53.97,2.2,1.87,146.65,127.18,19.47,53.56,2.33,2.02,341,291,-50,8.32,92.16,100.49
"WPG","2015-2016",82,3864.69,3109.42,2959.79,149.63,51.23,48.27,45.95,137,138.56,-1.56,49.72,2.13,2.15,141.43,140.25,1.18,50.21,2.2,2.18,301,272,-29,7.98,91.53,99.51
"WPG","2016-2017",82,3878.01,2977.59,3065.92,-88.33,49.27,46.07,47.44,150.24,157.17,-6.93,48.87,2.32,2.43,141.9,137.01,4.89,50.88,2.2,2.12,252,262,10,8.97,91.01,99.98
"WSH","2007-2008",81,3592.3,3068.91,2450.51,618.4,55.6,51.26,40.93,133.09,122.95,10.14,51.98,2.22,2.05,137.78,113.37,24.41,54.86,2.3,1.89,307,310,3,8.01,91.21,99.22
"WSH","2008-2009",82,3660.33,3347.75,2756.34,591.41,54.84,54.88,45.18,140.64,131.87,8.77,51.61,2.31,2.16,145.26,123.59,21.67,54.03,2.38,2.03,337,310,-27,7.75,91.42,99.17
"WSH","2009-2010",82,3798.3,3481.93,3014.44,467.49,53.6,55,47.62,199.13,127.64,71.49,60.94,3.15,2.02,147.72,140.4,7.32,51.27,2.33,2.22,275,267,-8,10.76,92.45,103.22
"WSH","2010-2011",82,3825.4,3223.53,3056.32,167.21,51.33,50.56,47.94,136.41,127.73,8.68,51.64,2.14,2,136.46,127.65,8.81,51.67,2.14,2,297,261,-36,7.95,92.14,100.09
"WSH","2011-2012",82,3952.25,3054.08,3194.99,-140.91,48.87,46.36,48.5,141.27,136.06,5.21,50.94,2.14,2.07,131.17,130.89,0.28,50.05,1.99,1.99,246,235,-11,8.58,92.12,100.7
"WSH","2012-2013",48,2289.75,1797.18,1868.09,-70.91,49.03,47.09,48.95,85.14,79.16,5.98,51.82,2.23,2.07,78.32,81.44,-3.12,49.02,2.05,2.13,167,174,7,8.91,92.49,101.4
"WSH","2013-2014",82,3890.08,2946.14,3244.28,-298.14,47.59,45.44,50.04,125.33,147.41,-22.08,45.95,1.93,2.27,128.37,139.16,-10.79,47.98,1.98,2.15,290,292,2,7.9,91.95,99.85
"WSH","2014-2015",82,3893.65,3151.27,2969.85,181.42,51.48,48.56,45.76,138.25,127.33,10.92,52.06,2.13,1.96,133.84,121.16,12.68,52.49,2.06,1.87,300,273,-27,8.42,91.96,100.38
"WSH","2015-2016",82,3939.32,3289.69,3086.84,202.85,51.59,50.11,47.02,150.66,121.2,29.46,55.42,2.29,1.85,138.54,130.2,8.34,51.55,2.11,1.98,248,256,8,8.37,92.49,100.86
"WSH","2016-2017",82,3907.75,3259.4,2911.81,347.59,52.82,50.05,44.71,169.47,108.62,60.85,60.94,2.6,1.67,140.86,134.62,6.24,51.13,2.16,2.07,278,238,-40,9.51,93.15,102.66
